Overall rank_15,Country or region,Score_15,GDP per capita_15,Social support_15,Healthy life expectancy_15,Freedom to make life choices_15,Generosity_15,Perceptions of corruption_15,Overall rank_16,Score_16,GDP per capita_16,Social support_16,Healthy life expectancy_16,Freedom to make life choices_16,Generosity_16,Perceptions of corruption_16,Overall rank_17,Score_17,GDP per capita_17,Social support_17,Healthy life expectancy_17,Freedom to make life choices_17,Generosity_17,Perceptions of corruption_17,Overall rank_18,Score_18,GDP per capita_18,Social support_18,Healthy life expectancy_18,Freedom to make life choices_18,Generosity_18,Perceptions of corruption_18,Overall rank_19,Score_19,GDP per capita_19,Social support_19,Healthy life expectancy_19,Freedom to make life choices_19,Generosity_19,Perceptions of corruption_19,average_happiness_score_all,average_rank_all,average_GDP_all,average_social_all,average_health_all,average_freedom_all,average_generosity_all,average_corruption_all
1.0,Switzerland,7.587000000000001,1.3965100000000001,1.34951,0.9414299999999999,0.66557,0.29678000000000004,0.41978000000000004,2.0,7.5089999999999995,1.5273299999999999,1.14524,0.86303,0.58557,0.28083,0.41203,4.0,7.49399995803833,1.5649795532226598,1.51691174507141,0.858131289482117,0.620070576667786,0.29054927825927696,0.36700728535652205,5.0,7.487,1.42,1.5490000000000002,0.927,0.66,0.256,0.35700000000000004,6.0,7.48,1.452,1.526,1.052,0.5720000000000001,0.263,0.34299999999999997,7.511399991607666,3.6,1.472163910644532,1.417332349014282,0.9283182578964233,0.6206421153335573,0.2774318556518554,0.3797634570713044
2.0,Iceland,7.561,1.3023200000000001,1.4022299999999999,0.94784,0.6287699999999999,0.4363,0.14145,3.0,7.501,1.42666,1.18326,0.8673299999999999,0.56624,0.47678000000000004,0.14975,3.0,7.50400018692017,1.480633020401,1.6105740070343,0.8335521221160892,0.6271626353263849,0.47554022073745705,0.15352655947208402,4.0,7.495,1.3430000000000002,1.6440000000000001,0.914,0.677,0.353,0.138,4.0,7.494,1.38,1.624,1.026,0.591,0.354,0.11800000000000001,7.511000037384034,3.2,1.3865226040802,1.4928128014068602,0.9177444244232179,0.6180345270652771,0.4191240441474914,0.1401453118944168
3.0,Denmark,7.527,1.32548,1.36058,0.87464,0.6493800000000001,0.34139,0.48357,1.0,7.526,1.4417799999999998,1.16374,0.79504,0.5794100000000001,0.36171,0.44453000000000004,2.0,7.52199983596802,1.48238301277161,1.55112159252167,0.7925655245780941,0.626006722450256,0.3552804887294771,0.40077006816863997,3.0,7.555,1.351,1.59,0.868,0.6829999999999999,0.284,0.408,2.0,7.6,1.383,1.5730000000000002,0.996,0.5920000000000001,0.252,0.41,7.545999967193604,2.2,1.396728602554322,1.4476883185043339,0.8652491049156188,0.6259593444900512,0.3188760977458954,0.42937401363372796
4.0,Norway,7.522,1.459,1.33095,0.88521,0.66973,0.34699,0.36503,4.0,7.497999999999999,1.57744,1.1269,0.79579,0.59609,0.37895,0.35775999999999997,1.0,7.537000179290769,1.6164631843566901,1.53352355957031,0.796666502952576,0.635422587394714,0.36201223731041,0.31596383452415505,2.0,7.593999999999999,1.456,1.5819999999999999,0.861,0.6859999999999999,0.28600000000000003,0.34,3.0,7.553999999999999,1.4880000000000002,1.5819999999999999,1.028,0.603,0.271,0.341,7.541000035858154,2.8,1.519380636871338,1.431074711914062,0.8733333005905152,0.6380485174789428,0.328990447462082,0.34395076690483106
5.0,Canada,7.4270000000000005,1.32629,1.32261,0.9056299999999999,0.63297,0.45811,0.32957,6.0,7.404,1.44015,1.0961,0.8276,0.5737,0.44833999999999996,0.31329,7.0,7.31599998474121,1.47920441627502,1.48134899139404,0.83455765247345,0.611100912094116,0.435539722442627,0.287371516227722,7.0,7.327999999999999,1.33,1.5319999999999998,0.8959999999999999,0.653,0.321,0.29100000000000004,9.0,7.278,1.365,1.505,1.0390000000000001,0.584,0.285,0.308,7.350599996948242,6.8,1.388128883255004,1.3874117982788081,0.90055753049469,0.6109541824188232,0.38959794448852536,0.3058463032455444
6.0,Finland,7.406000000000001,1.29025,1.31826,0.8891100000000001,0.64169,0.23351,0.41372,5.0,7.412999999999999,1.40598,1.1346399999999999,0.81091,0.57104,0.25492,0.41003999999999996,5.0,7.468999862670901,1.44357192516327,1.5402467250824,0.80915766954422,0.6179508566856379,0.24548277258873,0.38261154294014,1.0,7.632000000000001,1.305,1.5919999999999999,0.8740000000000001,0.6809999999999999,0.20199999999999999,0.39299999999999996,1.0,7.769,1.34,1.587,0.986,0.596,0.153,0.39299999999999996,7.537799972534181,3.6,1.356960385032654,1.4344293450164798,0.8738355339088442,0.6215361713371277,0.217782554517746,0.39847430858802796
7.0,Netherlands,7.377999999999999,1.32944,1.28017,0.89284,0.6157600000000001,0.4761,0.31814000000000003,7.0,7.3389999999999995,1.46468,1.02912,0.8123100000000001,0.55211,0.47416,0.29927,6.0,7.3769998550415,1.50394463539124,1.42893922328949,0.8106961250305179,0.5853844881057739,0.47048982977867104,0.282661825418472,6.0,7.441,1.361,1.4880000000000002,0.878,0.638,0.33299999999999996,0.295,5.0,7.4879999999999995,1.396,1.5219999999999998,0.9990000000000001,0.557,0.322,0.298,7.4045999710083,6.2,1.4110129270782479,1.349645844657898,0.8785692250061036,0.5896508976211547,0.4151499659557342,0.29861436508369443
8.0,Sweden,7.364,1.33171,1.2890700000000002,0.9108700000000001,0.6598,0.36262,0.43843999999999994,10.0,7.291,1.45181,1.08764,0.83121,0.58218,0.38254,0.40867,9.0,7.28399991989136,1.49438726902008,1.47816216945648,0.830875158309937,0.612924098968506,0.38539925217628496,0.384398728609085,9.0,7.314,1.355,1.501,0.9129999999999999,0.659,0.285,0.38299999999999995,7.0,7.343,1.3869999999999998,1.4869999999999999,1.0090000000000001,0.574,0.267,0.373,7.319199983978272,8.6,1.403981453804016,1.3685744338912962,0.8989910316619873,0.6175808197937013,0.336511850435257,0.39750174572181696
9.0,New Zealand,7.2860000000000005,1.2501799999999998,1.3196700000000001,0.9083700000000001,0.6393800000000001,0.47501000000000004,0.42922,8.0,7.334,1.36066,1.17278,0.83096,0.5814699999999999,0.49401000000000006,0.41903999999999997,8.0,7.31400012969971,1.40570604801178,1.54819512367249,0.816759705543518,0.6140621304512021,0.500005125999451,0.38281670212745705,8.0,7.324,1.268,1.601,0.8759999999999999,0.669,0.365,0.389,8.0,7.307,1.3030000000000002,1.557,1.026,0.585,0.33,0.38,7.313000025939942,8.2,1.3175092096023557,1.439729024734498,0.8916179411087036,0.6177824260902404,0.43280502519989017,0.4000153404254914
10.0,Australia,7.284,1.33358,1.30923,0.93156,0.6512399999999999,0.43562,0.35636999999999996,9.0,7.313,1.4444299999999999,1.10476,0.8512,0.5683699999999999,0.47407,0.32331,10.0,7.28399991989136,1.4844149351120002,1.5100419521331798,0.84388679265976,0.601607382297516,0.47769924998283403,0.301183730363846,10.0,7.272,1.34,1.5730000000000002,0.91,0.647,0.361,0.302,11.0,7.228,1.3719999999999999,1.548,1.036,0.557,0.332,0.29,7.276199983978271,10.0,1.3948849870224,1.4090063904266361,0.9145293585319522,0.6050434764595031,0.4160778499965668,0.3145727460727692
11.0,Israel,7.278,1.2285700000000002,1.22393,0.9138700000000001,0.41318999999999995,0.33171999999999996,0.07785,11.0,7.267,1.33766,0.9953700000000001,0.8491700000000001,0.36432,0.32288,0.08728,11.0,7.212999820709231,1.3753824234008798,1.37628996372223,0.83840399980545,0.40598860383033797,0.330082654953003,0.0852421000599861,19.0,6.814,1.301,1.5590000000000002,0.883,0.5329999999999999,0.354,0.272,13.0,7.138999999999999,1.276,1.455,1.0290000000000001,0.371,0.261,0.08199999999999999,7.142199964141847,13.0,1.303722484680176,1.3219179927444462,0.9026887999610901,0.41749972076606756,0.3199365309906006,0.12087442001199722
12.0,Costa Rica,7.226,0.95578,1.2378799999999999,0.8602700000000001,0.63376,0.25497,0.10583,14.0,7.087000000000001,1.06879,1.02152,0.76146,0.55225,0.22553,0.10547000000000001,12.0,7.0789999961853,1.10970628261566,1.4164036512374898,0.7595092654228209,0.580131649971008,0.21461322903633104,0.100106589496136,13.0,7.072,1.01,1.459,0.8170000000000001,0.632,0.14300000000000002,0.10099999999999999,12.0,7.167000000000001,1.034,1.4409999999999998,0.963,0.5579999999999999,0.14400000000000002,0.09300000000000001,7.126199999237061,12.6,1.0356552565231318,1.3151607302474981,0.8322478530845642,0.5912283299942016,0.1964226458072662,0.10108131789922718
13.0,Austria,7.2,1.33723,1.29704,0.8904200000000001,0.62433,0.33088,0.18675999999999998,12.0,7.119,1.45038,1.0838299999999998,0.80565,0.54355,0.32865,0.21348000000000003,13.0,7.00600004196167,1.4870972633361799,1.4599449634552,0.8153284192085269,0.567766189575195,0.316472321748734,0.22106036543846105,12.0,7.138999999999999,1.341,1.504,0.8909999999999999,0.617,0.242,0.22399999999999998,10.0,7.246,1.376,1.475,1.016,0.532,0.244,0.226,7.142000008392334,12.0,1.398341452667236,1.36396299269104,0.8836796838417055,0.576929237915039,0.29240046434974676,0.21426007308769224
14.0,Mexico,7.187,1.02054,0.91451,0.8144399999999999,0.48181,0.14074,0.21311999999999998,21.0,6.778,1.1150799999999998,0.7146,0.71143,0.37709000000000004,0.11735,0.18355,25.0,6.57800006866455,1.1531838178634601,1.2108621597290001,0.709978997707367,0.412730008363724,0.12099043279886199,0.132774114608765,24.0,6.4879999999999995,1.038,1.252,0.7609999999999999,0.479,0.069,0.095,23.0,6.595,1.07,1.3230000000000002,0.861,0.433,0.07400000000000001,0.073,6.725200013732911,21.4,1.079360763572692,1.0829944319458,0.7715697995414732,0.4367260016727448,0.10441608655977239,0.13948882292175296
15.0,United States,7.119,1.3945100000000001,1.24711,0.86179,0.54604,0.40105,0.1589,13.0,7.104,1.50796,1.04782,0.779,0.48163,0.41076999999999997,0.14868,14.0,6.993000030517581,1.54625928401947,1.4199205636978103,0.7742866277694699,0.505740523338318,0.392578780651093,0.135638788342476,18.0,6.886,1.3980000000000001,1.4709999999999999,0.8190000000000001,0.547,0.29100000000000004,0.133,19.0,6.892,1.433,1.4569999999999999,0.8740000000000001,0.45399999999999996,0.28,0.128,6.998800006103517,15.8,1.455945856803894,1.3285701127395622,0.8216153255538939,0.5068821046676636,0.3550797561302186,0.14084375766849522
16.0,Brazil,6.983,0.98124,1.2328700000000001,0.69702,0.49049,0.14574,0.17521,17.0,6.952000000000001,1.08754,1.03938,0.61415,0.40425,0.15775999999999998,0.14165999999999998,22.0,6.6350002288818395,1.1073532104492199,1.43130600452423,0.6165523529052729,0.437453746795654,0.16234989464282998,0.11109276115894301,28.0,6.419,0.986,1.474,0.675,0.493,0.11,0.08800000000000001,32.0,6.3,1.004,1.439,0.802,0.39,0.099,0.086,6.6578000457763675,23.0,1.033226642089844,1.323311200904846,0.6809444705810546,0.4430387493591308,0.134969978928566,0.1203925522317886
17.0,Luxembourg,6.946000000000001,1.5639100000000001,1.21963,0.91894,0.61583,0.28034000000000003,0.37798000000000004,20.0,6.871,1.6975200000000001,1.03999,0.8454200000000001,0.5487,0.27571,0.35329,18.0,6.86299991607666,1.74194359779358,1.45758366584778,0.845089495182037,0.59662789106369,0.283180981874466,0.31883442401886,17.0,6.91,1.5759999999999998,1.52,0.8959999999999999,0.632,0.196,0.321,14.0,7.09,1.609,1.479,1.012,0.526,0.19399999999999998,0.316,6.935999983215332,17.2,1.6376747195587158,1.343240733169556,0.9034898990364073,0.5838315782127379,0.2458461963748932,0.337420884803772
18.0,Ireland,6.94,1.33596,1.36948,0.89533,0.6177699999999999,0.45901000000000003,0.28703,19.0,6.907,1.4834100000000001,1.16157,0.81455,0.54008,0.44963000000000003,0.29754,15.0,6.9770002365112305,1.5357066392898602,1.5582311153411899,0.8097826242446899,0.5731103420257571,0.42785832285881,0.29838815331459007,14.0,6.977,1.4480000000000002,1.5830000000000002,0.8759999999999999,0.614,0.307,0.306,16.0,7.021,1.499,1.5530000000000002,0.9990000000000001,0.516,0.298,0.31,6.964400047302246,16.4,1.4604153278579723,1.445056223068238,0.878932524848938,0.5721920684051514,0.388299664571762,0.29979163066291803
19.0,Belgium,6.937,1.30782,1.28566,0.8966700000000001,0.5845,0.2225,0.2254,18.0,6.928999999999999,1.42539,1.05249,0.8195899999999999,0.51354,0.2424,0.26248,17.0,6.89099979400635,1.4637807607650801,1.4623126983642598,0.8180918693542479,0.5397707223892211,0.23150333762168898,0.251343131065369,16.0,6.9270000000000005,1.324,1.483,0.894,0.583,0.188,0.24,18.0,6.922999999999999,1.3559999999999999,1.504,0.986,0.473,0.16,0.21,6.92139995880127,17.6,1.3753981521530159,1.3574925396728517,0.8828703738708497,0.5387621444778443,0.20888066752433776,0.23784462621307378
21.0,United Kingdom,6.867000000000001,1.26637,1.28548,0.90943,0.59625,0.51912,0.32066999999999996,23.0,6.725,1.40283,1.0867200000000001,0.80991,0.50036,0.50156,0.27399,19.0,6.71400022506714,1.44163393974304,1.4964600801467902,0.805335938930511,0.508190035820007,0.492774158716202,0.265428066253662,11.0,7.19,1.244,1.433,0.888,0.46399999999999997,0.262,0.08199999999999999,15.0,7.053999999999999,1.3330000000000002,1.538,0.996,0.45,0.348,0.278,6.910000045013429,17.8,1.337566787948608,1.3679320160293582,0.8817351877861022,0.5037600071640014,0.4246908317432404,0.2440176132507324
23.0,Venezuela,6.81,1.04424,1.25596,0.7205199999999999,0.42908,0.058410000000000004,0.11069000000000001,44.0,6.084,1.1336700000000002,1.03302,0.6190399999999999,0.19847,0.0425,0.08304,82.0,5.25,1.12843120098114,1.43133759498596,0.617144227027893,0.15399712324142498,0.0650196298956871,0.0644911229610443,102.0,4.806,0.996,1.469,0.657,0.133,0.055999999999999994,0.052000000000000005,108.0,4.707,0.96,1.4269999999999998,0.805,0.154,0.064,0.047,5.5314,71.8,1.052468240196228,1.323263518997192,0.6837408454055786,0.213709424648285,0.05718592597913742,0.07144422459220887
24.0,Singapore,6.797999999999999,1.52186,1.02,1.02525,0.54252,0.31105,0.4921,22.0,6.739,1.64555,0.8675799999999999,0.94719,0.4877,0.32706,0.46986999999999995,26.0,6.57200002670288,1.69227766990662,1.35381436347961,0.9494923949241642,0.549840569496155,0.345965981483459,0.46430778503417997,34.0,6.343,1.5290000000000001,1.4509999999999998,1.008,0.631,0.261,0.457,34.0,6.2620000000000005,1.5719999999999998,1.463,1.141,0.556,0.271,0.45299999999999996,6.542800005340576,28.0,1.592137533981324,1.2310788726959219,1.0141864789848327,0.553412113899231,0.30321519629669175,0.46725555700683596
25.0,Panama,6.7860000000000005,1.0635299999999999,1.1985,0.79661,0.5421,0.24434,0.0927,25.0,6.7010000000000005,1.18306,0.9891200000000001,0.70835,0.48927,0.2418,0.08423,30.0,6.4520001411438,1.23374843597412,1.3731925487518302,0.706156134605408,0.550026834011078,0.21055693924427,0.070983923971653,27.0,6.43,1.112,1.4380000000000002,0.759,0.597,0.125,0.063,31.0,6.321000000000001,1.149,1.442,0.91,0.516,0.109,0.054000000000000006,6.53800002822876,27.6,1.1482676871948239,1.2881625097503662,0.7760232269210816,0.5388793668022156,0.186139387848854,0.0729827847943306
26.0,Germany,6.75,1.32792,1.2993700000000001,0.89186,0.6147699999999999,0.28214,0.21843,16.0,6.994,1.44787,1.09774,0.81487,0.53466,0.30451999999999996,0.28551,16.0,6.9510002136230495,1.48792338371277,1.47252035140991,0.798950731754303,0.562511384487152,0.33626917004585305,0.276731938123703,15.0,6.965,1.34,1.474,0.861,0.586,0.273,0.28,17.0,6.985,1.3730000000000002,1.454,0.987,0.495,0.261,0.265,6.92900004272461,18.0,1.395342676742554,1.359526070281982,0.8707361463508606,0.5585882768974304,0.2913858340091706,0.2651343876247406
27.0,Chile,6.67,1.10715,1.12447,0.85857,0.44132,0.33363000000000004,0.12869,24.0,6.705,1.2167,0.9058700000000001,0.8188300000000001,0.37789,0.31595,0.11450999999999999,20.0,6.65199995040894,1.25278460979462,1.28402495384216,0.8194797039031979,0.376895278692245,0.3266624212265011,0.0822879821062088,25.0,6.476,1.131,1.331,0.8079999999999999,0.431,0.19699999999999998,0.061,26.0,6.444,1.159,1.369,0.92,0.35700000000000004,0.187,0.055999999999999994,6.5893999900817875,24.4,1.1733269219589242,1.202872990768432,0.8449759407806395,0.396821055738449,0.27204848424530026,0.08849759642124175
28.0,Qatar,6.611000000000001,1.69042,1.0786,0.79733,0.6404,0.32573,0.52208,36.0,6.375,1.82427,0.87964,0.71723,0.56679,0.32388,0.48049,35.0,6.375,1.8707656860351598,1.27429687976837,0.7100980877876278,0.604130983352661,0.33047387003898604,0.43929925560951205,32.0,6.374,1.649,1.3030000000000002,0.748,0.654,0.256,0.171,29.0,6.374,1.6840000000000002,1.3130000000000002,0.871,0.555,0.22,0.16699999999999998,6.4218,32.0,1.743691137207032,1.1697073759536738,0.7687316175575256,0.6040641966705322,0.2912167740077972,0.35597385112190244
29.0,France,6.575,1.27778,1.2603799999999998,0.9457899999999999,0.55011,0.12332,0.20646,32.0,6.478,1.39488,1.00508,0.83795,0.46562,0.1216,0.17808,31.0,6.44199991226196,1.43092346191406,1.38777685165405,0.8444658517837521,0.470222115516663,0.129762306809425,0.172502428293228,23.0,6.489,1.2930000000000001,1.466,0.9079999999999999,0.52,0.098,0.17600000000000002,24.0,6.5920000000000005,1.324,1.472,1.045,0.436,0.111,0.183,6.515199982452392,27.8,1.3441166923828118,1.3182473703308102,0.9162411703567503,0.4883904231033326,0.11673646136188501,0.18320848565864561
30.0,Argentina,6.574,1.05351,1.24823,0.78723,0.44974,0.11450999999999999,0.08484,26.0,6.65,1.15137,1.0661200000000002,0.69711,0.42283999999999994,0.10989000000000002,0.07296,24.0,6.59899997711182,1.18529546260834,1.44045114517212,0.695137083530426,0.49451920390129106,0.109457060694695,0.05973988771438599,29.0,6.388,1.073,1.4680000000000002,0.7440000000000001,0.57,0.062,0.054000000000000006,47.0,6.086,1.092,1.432,0.8809999999999999,0.47100000000000003,0.066,0.05,6.4593999954223635,31.2,1.1110350925216683,1.330960229034424,0.7608954167060852,0.4816198407802582,0.092371412138939,0.06430797754287719
31.0,Czech Republic,6.505,1.17898,1.20643,0.84483,0.46363999999999994,0.10686,0.02652,27.0,6.596,1.30915,1.00793,0.76376,0.41418,0.09929,0.03986,23.0,6.60900020599365,1.35268235206604,1.4338852167129499,0.754444003105164,0.49094617366790794,0.0881067588925362,0.0368729270994663,21.0,6.711,1.2329999999999999,1.489,0.8540000000000001,0.5429999999999999,0.064,0.034,20.0,6.852,1.2690000000000001,1.4869999999999999,0.92,0.457,0.046,0.036000000000000004,6.654600041198731,24.4,1.268562470413208,1.32484904334259,0.8274068006210328,0.4737532347335816,0.08085135177850725,0.03465058541989326
32.0,Uruguay,6.485,1.06166,1.2089,0.8116,0.6036199999999999,0.2324,0.24558000000000002,29.0,6.545,1.18157,1.0314299999999998,0.72183,0.54388,0.18056,0.21394000000000002,28.0,6.4539999961853,1.2175596952438401,1.4122278690338101,0.719216823577881,0.5793922543525699,0.175096929073334,0.17806187272071802,31.0,6.379,1.093,1.459,0.7709999999999999,0.625,0.13,0.155,33.0,6.292999999999999,1.124,1.465,0.8909999999999999,0.523,0.127,0.15,6.4311999992370605,30.6,1.135557939048768,1.315311573806762,0.7829293647155762,0.574978450870514,0.1690113858146668,0.18851637454414363
33.0,Colombia,6.477,0.91861,1.2401799999999998,0.69077,0.53466,0.18400999999999998,0.0512,31.0,6.481,1.0303200000000001,1.02169,0.59659,0.44735,0.15625999999999998,0.053989999999999996,36.0,6.35699987411499,1.07062232494354,1.4021829366683998,0.595027923583984,0.47748741507530196,0.14901447296142598,0.0466687418520451,37.0,6.26,0.96,1.439,0.635,0.531,0.099,0.039,43.0,6.125,0.985,1.41,0.841,0.47,0.099,0.034,6.339999974822997,36.0,0.9929104649887082,1.30261058733368,0.6716775847167968,0.49209948301506046,0.1374568945922852,0.04497174837040903
34.0,Thailand,6.455,0.9669,1.26504,0.7385,0.5566399999999999,0.5763,0.031869999999999996,33.0,6.474,1.0893,1.04477,0.64915,0.49553,0.58696,0.02833,32.0,6.4239997863769505,1.12786877155304,1.4257924556732198,0.647239029407501,0.580200731754303,0.572123110294342,0.0316127352416515,46.0,6.072,1.016,1.4169999999999998,0.7070000000000001,0.637,0.364,0.028999999999999998,52.0,6.007999999999999,1.05,1.409,0.828,0.557,0.359,0.027999999999999997,6.28659995727539,39.4,1.050013754310608,1.3123204911346438,0.7139778058815002,0.5652741463508606,0.4916766220588684,0.029762547048330302
35.0,Saudi Arabia,6.4110000000000005,1.39541,1.0839299999999998,0.72025,0.31048000000000003,0.13706,0.32524000000000003,34.0,6.379,1.48953,0.84829,0.59267,0.37904,0.15457,0.30008,37.0,6.343999862670901,1.53062355518341,1.28667759895325,0.590148329734802,0.449750572443008,0.147616013884544,0.27343225479126004,33.0,6.371,1.379,1.331,0.633,0.509,0.098,0.127,28.0,6.375,1.403,1.357,0.795,0.439,0.08,0.132,6.37599997253418,33.4,1.439512711036682,1.1813795197906498,0.6662136659469604,0.4174541144886016,0.12344920277690878,0.231550450958252
36.0,Spain,6.329,1.23011,1.31379,0.95562,0.45951000000000003,0.18227000000000002,0.06398,37.0,6.361000000000001,1.34253,1.12945,0.8789600000000001,0.37545,0.17665,0.06137000000000001,34.0,6.40299987792969,1.38439786434174,1.53209090232849,0.888960599899292,0.408781230449677,0.190133571624756,0.0709140971302986,36.0,6.31,1.251,1.538,0.965,0.449,0.142,0.07400000000000001,30.0,6.354,1.286,1.484,1.062,0.36200000000000004,0.153,0.079,6.351399975585938,34.6,1.298807572868348,1.3994661804656983,0.9501081199798584,0.4109482460899354,0.1688107143249512,0.06985281942605973
37.0,Malta,6.3020000000000005,1.2074,1.30203,0.88721,0.60365,0.51752,0.13585999999999998,30.0,6.4879999999999995,1.30782,1.09879,0.80315,0.54994,0.56237,0.17554,27.0,6.52699995040894,1.34327983856201,1.48841166496277,0.821944236755371,0.588767051696777,0.5747305750846861,0.153066068887711,22.0,6.627000000000001,1.27,1.525,0.884,0.645,0.376,0.142,22.0,6.726,1.3,1.52,0.9990000000000001,0.564,0.375,0.151,6.533999990081787,27.6,1.2856999677124021,1.386846332992554,0.8790608473510743,0.5902714103393554,0.4811241150169372,0.1514932137775422
38.0,Taiwan,6.297999999999999,1.29098,1.07617,0.8753,0.3974,0.25376,0.08129,34.0,6.379,1.39729,0.92624,0.79565,0.32377,0.25495,0.0663,33.0,6.42199993133545,1.4336265325546298,1.38456535339355,0.793984234333038,0.361466586589813,0.258360475301743,0.0638292357325554,26.0,6.441,1.365,1.436,0.857,0.418,0.151,0.078,25.0,6.446000000000001,1.368,1.43,0.914,0.35100000000000003,0.242,0.09699999999999999,6.39719998626709,31.2,1.3709793065109261,1.2505950706787101,0.8471868468666075,0.3703273173179626,0.2320140950603486,0.07728384714651107
39.0,Kuwait,6.295,1.5542200000000002,1.16594,0.72492,0.55499,0.16228,0.25609,41.0,6.239,1.61714,0.8775799999999999,0.63569,0.43166000000000004,0.15965,0.23669,39.0,6.10500001907349,1.63295245170593,1.25969874858856,0.6321057081222529,0.49633759260177596,0.228289797902107,0.21515955030918102,45.0,6.082999999999999,1.474,1.301,0.675,0.5539999999999999,0.16699999999999998,0.106,51.0,6.021,1.5,1.319,0.8079999999999999,0.493,0.142,0.09699999999999999,6.148600003814698,43.0,1.555662490341186,1.184643749717712,0.6951431416244505,0.5059975185203551,0.17184395958042137,0.18218791006183618
41.0,Trinidad & Tobago,6.167999999999999,1.21183,1.18354,0.61483,0.55884,0.31844,0.0114,43.0,6.167999999999999,1.32572,0.98569,0.52608,0.48453,0.31935,0.01241,38.0,6.1680002212524405,1.36135590076447,1.3802285194397,0.5199832916259771,0.518630743026733,0.32529646158218395,0.00896481610834599,38.0,6.192,1.2229999999999999,1.492,0.564,0.575,0.171,0.019,39.0,6.192,1.2309999999999999,1.4769999999999999,0.713,0.489,0.185,0.016,6.177600044250488,39.8,1.270581180152894,1.3036917038879399,0.5875786583251954,0.5252001486053466,0.2638172923164368,0.013554963221669197
42.0,El Salvador,6.13,0.76454,1.0250700000000001,0.67737,0.4035,0.10692,0.11775999999999999,46.0,6.068,0.8737,0.80975,0.596,0.37269,0.08877,0.10613,45.0,6.002999782562259,0.9097844958305359,1.1821250915527302,0.596018552780151,0.432452529668808,0.0782579854130745,0.0899809598922729,40.0,6.167000000000001,0.8059999999999999,1.2309999999999999,0.639,0.461,0.065,0.08199999999999999,35.0,6.252999999999999,0.794,1.242,0.789,0.43,0.09300000000000001,0.07400000000000001,6.124199956512452,41.6,0.8296048991661072,1.097989018310546,0.6594777105560301,0.41992850593376163,0.08638959708261491,0.09397419197845457
43.0,Guatemala,6.122999999999999,0.74553,1.04356,0.64425,0.57733,0.27489,0.09472,39.0,6.324,0.83454,0.8711899999999999,0.5403899999999999,0.50379,0.28808,0.08701,29.0,6.4539999961853,0.872001945972443,1.25558519363403,0.540239989757538,0.5313106179237371,0.283488392829895,0.0772232785820961,30.0,6.382000000000001,0.7809999999999999,1.268,0.608,0.604,0.179,0.071,27.0,6.436,0.8,1.2690000000000001,0.746,0.535,0.175,0.078,6.34379999923706,33.6,0.8066143891944886,1.141467038726806,0.6157759979515076,0.5502861235847474,0.24009167856597902,0.08159065571641923
44.0,Uzbekistan,6.002999999999999,0.63244,1.34043,0.59772,0.6582100000000001,0.22837,0.30826,49.0,5.987,0.7359100000000001,1.1681,0.50163,0.60848,0.34326,0.28333,47.0,5.97100019454956,0.786441087722778,1.5489691495895401,0.498272627592087,0.6582486629486078,0.41598364710807795,0.246528223156929,44.0,6.096,0.7190000000000001,1.584,0.605,0.7240000000000001,0.32799999999999996,0.259,41.0,6.1739999999999995,0.745,1.5290000000000001,0.7559999999999999,0.631,0.322,0.24,6.0462000389099115,45.0,0.7237582175445556,1.434099829917908,0.5917245255184174,0.6559877325897217,0.32752272942161553,0.2674236446313858
45.0,Slovakia,5.995,1.1689100000000001,1.26999,0.7890199999999999,0.31751,0.16893,0.03431,45.0,6.077999999999999,1.27973,1.0826799999999999,0.70367,0.23390999999999998,0.13837,0.02947,40.0,6.09800004959106,1.32539355754852,1.5050592422485398,0.712732911109924,0.295817464590073,0.136544480919838,0.0242108516395092,39.0,6.172999999999999,1.21,1.537,0.7759999999999999,0.354,0.11800000000000001,0.013999999999999999,38.0,6.1979999999999995,1.246,1.504,0.8809999999999999,0.33399999999999996,0.121,0.013999999999999999,6.108400009918212,41.4,1.246006711509704,1.3797458484497078,0.7724845822219847,0.3070474929180146,0.13656889618396761,0.02319817032790184
46.0,Japan,5.987,1.27074,1.25712,0.99111,0.49615,0.10705,0.1806,53.0,5.921,1.3800700000000001,1.06054,0.91491,0.46761,0.10224,0.18985,51.0,5.92000007629395,1.41691517829895,1.43633782863617,0.9134758710861209,0.505625545978546,0.12057276815175999,0.163760736584663,54.0,5.915,1.294,1.462,0.988,0.5529999999999999,0.079,0.15,58.0,5.886,1.327,1.419,1.088,0.445,0.069,0.14,5.9258000152587895,52.4,1.3377450356597902,1.326999565727234,0.9790991742172241,0.49347710919570914,0.095572553630352,0.1648421473169326
47.0,South Korea,5.984,1.24461,0.9577399999999999,0.9653799999999999,0.33208000000000004,0.18557,0.07857,57.0,5.835,1.35948,0.7219399999999999,0.88645,0.25168,0.18824000000000002,0.07716,55.0,5.837999820709231,1.40167844295502,1.1282744407653797,0.900214076042175,0.257921665906906,0.206674367189407,0.0632826685905457,57.0,5.875,1.266,1.204,0.955,0.244,0.175,0.051,54.0,5.895,1.301,1.219,1.036,0.159,0.175,0.055999999999999994,5.885399964141846,54.0,1.314553688591004,1.046190888153076,0.9486088152084349,0.24893633318138125,0.1860968734378814,0.06520253371810913
48.0,Ecuador,5.975,0.8640200000000001,0.99903,0.79075,0.48573999999999995,0.11540999999999998,0.1809,51.0,5.976,0.97306,0.85974,0.68613,0.4027,0.10074,0.18037,44.0,6.00799989700317,1.00082039833069,1.2861688137054401,0.685636222362518,0.4551981985569,0.15011246502399403,0.140134647488594,48.0,5.973,0.889,1.33,0.736,0.556,0.114,0.12,50.0,6.028,0.912,1.3119999999999998,0.868,0.498,0.126,0.087,5.991999979400633,48.2,0.9277800796661382,1.157387762741088,0.7533032444725035,0.47952763971138,0.12125249300479882,0.1416809294977188
49.0,Bahrain,5.96,1.32376,1.21624,0.74716,0.45492,0.17362,0.306,42.0,6.218,1.44024,0.9439700000000001,0.65696,0.47375,0.17147,0.25772,41.0,6.08699989318848,1.4884122610092199,1.3231104612350502,0.653133034706116,0.536746919155121,0.17266848683357197,0.257042169570923,43.0,6.105,1.338,1.3659999999999999,0.698,0.594,0.243,0.12300000000000001,37.0,6.199,1.3619999999999999,1.368,0.871,0.536,0.255,0.11,6.113799978637696,42.4,1.390482452201844,1.24346409224701,0.7252506069412232,0.5190833838310243,0.2031516973667144,0.21075243391418463
50.0,Italy,5.9479999999999995,1.25114,1.19777,0.9544600000000001,0.26236,0.22823000000000002,0.02901,50.0,5.977,1.35495,1.04167,0.8510200000000001,0.18827,0.16684000000000002,0.02556,48.0,5.96400022506714,1.3950666189193701,1.44492328166962,0.8531443476676941,0.256450712680817,0.17278964817523998,0.0280280914157629,47.0,6.0,1.264,1.501,0.946,0.281,0.13699999999999998,0.027999999999999997,36.0,6.223,1.294,1.4880000000000002,1.0390000000000001,0.231,0.158,0.03,6.022400045013428,46.2,1.3118313237838741,1.334672656333924,0.9287248695335389,0.2438161425361634,0.17257192963504803,0.02811961828315258
51.0,Bolivia,5.89,0.68133,0.97841,0.5392,0.57414,0.20536,0.08800000000000001,59.0,5.822,0.79422,0.8377899999999999,0.4697,0.50961,0.21698,0.07746,58.0,5.82299995422363,0.833756566047668,1.2276190519332901,0.47363024950027505,0.5587329268455511,0.22556072473526,0.0604777261614799,62.0,5.752000000000001,0.7509999999999999,1.2229999999999999,0.508,0.606,0.141,0.054000000000000006,61.0,5.779,0.7759999999999999,1.209,0.706,0.511,0.13699999999999998,0.064,5.813199990844726,58.2,0.7672613132095336,1.0951638103866579,0.539306049900055,0.5518965853691102,0.18518014494705198,0.06878754523229598
52.0,Moldova,5.888999999999999,0.59448,1.01528,0.61826,0.32818,0.20951,0.01615,55.0,5.897,0.69177,0.8313200000000001,0.5230899999999999,0.25201999999999997,0.19997,0.019030000000000002,56.0,5.837999820709231,0.7288706302642819,1.25182557106018,0.5894652009010309,0.24072904884815197,0.20877912640571603,0.0100912861526012,67.0,5.64,0.657,1.301,0.62,0.23199999999999998,0.171,0.0,71.0,5.529,0.685,1.328,0.7390000000000001,0.245,0.18100000000000002,0.0,5.758599964141846,60.2,0.6714241260528564,1.1454851142120361,0.6179630401802063,0.2595858097696304,0.19405182528114323,0.009054257230520241
53.0,Paraguay,5.877999999999999,0.75985,1.30477,0.66098,0.53899,0.3424,0.08242000000000001,70.0,5.537999999999999,0.8937299999999999,1.11111,0.58295,0.46235,0.25296,0.07396,70.0,5.493000030517581,0.932537317276001,1.50728487968445,0.579250693321228,0.473507791757584,0.224150657653809,0.091065913438797,64.0,5.681,0.835,1.5219999999999998,0.615,0.541,0.162,0.07400000000000001,63.0,5.742999999999999,0.855,1.475,0.777,0.514,0.184,0.08,5.666600006103516,64.0,0.8552234634552001,1.38403297593689,0.6430361386642456,0.5059695583515168,0.2331021315307618,0.0802891826877594
54.0,Kazakhstan,5.855,1.1225399999999999,1.1224100000000001,0.64368,0.51649,0.11827,0.08454,54.0,5.919,1.22943,0.95544,0.57386,0.4052,0.15011,0.11132,60.0,5.8189997673034695,1.2845562696456898,1.3843690156936599,0.6060415506362921,0.43745428323745705,0.20196442306041698,0.11928288638591802,60.0,5.79,1.143,1.516,0.631,0.45399999999999996,0.14800000000000002,0.121,60.0,5.809,1.173,1.508,0.7290000000000001,0.41,0.146,0.096,5.838399953460694,57.6,1.1905052539291379,1.2972438031387319,0.6367163101272585,0.4446288566474914,0.15286888461208342,0.1064285772771836
55.0,Slovenia,5.848,1.18498,1.27385,0.8733700000000001,0.60855,0.25328,0.03787,63.0,5.768,1.2994700000000001,1.05613,0.79151,0.53164,0.25738,0.03635,62.0,5.75799989700317,1.3412059545516999,1.4525188207626298,0.7908282279968258,0.572575807571411,0.242649093270302,0.0451289787888527,51.0,5.9479999999999995,1.219,1.506,0.856,0.633,0.16,0.051,44.0,6.117999999999999,1.258,1.5230000000000001,0.953,0.564,0.14400000000000002,0.057,5.887999979400634,55.0,1.2605311909103398,1.3622997641525258,0.8529416455993651,0.5819531615142822,0.21146181865406044,0.045469795757770534
56.0,Lithuania,5.832999999999999,1.14723,1.25745,0.73128,0.21341999999999997,0.026410000000000003,0.01031,60.0,5.813,1.2692,1.0641100000000001,0.64674,0.18929,0.02025,0.0182,52.0,5.90199995040894,1.3145823478698702,1.47351610660553,0.62894994020462,0.234231784939766,0.010164656676352,0.0118656428530812,50.0,5.952000000000001,1.197,1.527,0.716,0.35,0.026000000000000002,0.006,42.0,6.149,1.238,1.515,0.818,0.29100000000000004,0.043,0.042,5.929799990081788,52.0,1.233202469573974,1.367415221321106,0.708193988040924,0.25558835698795324,0.025164931335270403,0.01767512857061624
57.0,Nicaragua,5.827999999999999,0.59325,1.14184,0.7431399999999999,0.55475,0.27815,0.19317,48.0,5.992000000000001,0.69384,0.8952100000000001,0.65213,0.46581999999999996,0.29773,0.16292,43.0,6.07100009918213,0.737299203872681,1.28721570968628,0.6530959606170649,0.447551846504211,0.301674216985703,0.130687981843948,41.0,6.141,0.6679999999999999,1.319,0.7,0.527,0.20800000000000002,0.128,45.0,6.105,0.6940000000000001,1.325,0.835,0.435,0.2,0.127,6.027400019836426,46.8,0.6772778407745361,1.193653141937256,0.716673192123413,0.4860243693008422,0.2571108433971406,0.14835559636878962
58.0,Peru,5.824,0.9001899999999999,0.97459,0.73017,0.41496000000000005,0.14982,0.05989,64.0,5.742999999999999,0.9960200000000001,0.81255,0.6299399999999999,0.37501999999999996,0.14527,0.05292,63.0,5.71500015258789,1.0352252721786501,1.21877038478851,0.6301661133766171,0.45000287890434293,0.126819714903831,0.0470490865409374,65.0,5.662999999999999,0.934,1.249,0.674,0.53,0.092,0.034,65.0,5.697,0.96,1.274,0.8540000000000001,0.455,0.083,0.027000000000000003,5.728400030517578,63.0,0.96508705443573,1.105782076957702,0.7036552226753234,0.4449965757808686,0.11938194298076618,0.04417181730818748
59.0,Belarus,5.813,1.0319200000000002,1.23289,0.7360800000000001,0.37938,0.11045999999999999,0.1909,61.0,5.8020000000000005,1.1306200000000002,1.04993,0.6310399999999999,0.29091,0.13942000000000002,0.17457,67.0,5.5689997673034695,1.15655755996704,1.4449452161788898,0.6377142667770389,0.295400261878967,0.15513750910759,0.156313821673393,73.0,5.483,1.0390000000000001,1.4980000000000002,0.7,0.307,0.10099999999999999,0.154,81.0,5.3229999999999995,1.067,1.465,0.789,0.235,0.094,0.142,5.597999953460694,68.2,1.085019511993408,1.338153043235778,0.6987668533554078,0.30153805237579345,0.120003501821518,0.1635567643346786
60.0,Poland,5.791,1.12555,1.27948,0.77903,0.53122,0.16759000000000002,0.04212,57.0,5.835,1.24585,1.04685,0.69058,0.4519,0.14443,0.055,46.0,5.97300004959106,1.29178786277771,1.44571197032928,0.699475347995758,0.520342111587524,0.158465966582298,0.0593078061938286,42.0,6.122999999999999,1.176,1.4480000000000002,0.7809999999999999,0.546,0.10800000000000001,0.064,40.0,6.182,1.206,1.4380000000000002,0.884,0.483,0.11699999999999999,0.05,5.980800009918212,49.0,1.2090375725555418,1.331608394065856,0.7668170695991516,0.5064924223175049,0.1390971933164596,0.05408556123876572
61.0,Malaysia,5.77,1.12486,1.07023,0.7239399999999999,0.5302399999999999,0.33075,0.10500999999999999,47.0,6.005,1.25142,0.88025,0.62366,0.39031,0.41473999999999994,0.09081,42.0,6.08400011062622,1.29121541976929,1.28464603424072,0.618784427642822,0.40226498246192893,0.416608929634094,0.0656007081270218,35.0,6.322,1.161,1.258,0.669,0.35600000000000004,0.311,0.059000000000000004,80.0,5.3389999999999995,1.2209999999999999,1.171,0.828,0.508,0.26,0.024,5.904000022125244,53.0,1.209899083953858,1.132825206848144,0.6926768855285643,0.43736299649238575,0.3466197859268188,0.06888414162540436
62.0,Croatia,5.7589999999999995,1.08254,0.79624,0.78805,0.25883,0.054439999999999995,0.0243,74.0,5.4879999999999995,1.18649,0.6080899999999999,0.70524,0.23906999999999998,0.18434,0.04002,77.0,5.2930002212524405,1.22255623340607,0.9679830074310299,0.701288521289825,0.255772292613983,0.248002976179123,0.0431031100451946,82.0,5.321000000000001,1.115,1.161,0.737,0.38,0.12,0.039,75.0,5.432,1.155,1.266,0.914,0.29600000000000004,0.11900000000000001,0.022000000000000002,5.458600044250488,74.0,1.152317246681214,0.959862601486206,0.769115704257965,0.28593445852279664,0.1451565952358246,0.03368462200903892
63.0,Libya,5.754,1.13145,1.1186200000000002,0.7038,0.41668,0.18295,0.11023,67.0,5.615,1.0668799999999998,0.95076,0.52304,0.40671999999999997,0.17087,0.10339000000000001,68.0,5.525000095367429,1.1018030643463101,1.3575643301010099,0.520169019699097,0.465733230113983,0.15207366645336198,0.0926102101802826,70.0,5.566,0.985,1.35,0.5529999999999999,0.496,0.11599999999999999,0.14800000000000002,72.0,5.525,1.044,1.3030000000000002,0.6729999999999999,0.41600000000000004,0.133,0.152,5.597000019073485,68.0,1.065826612869262,1.215988866020202,0.5946018039398193,0.4402266460227966,0.1509787332906724,0.12124604203605653
64.0,Russia,5.716,1.13764,1.23617,0.6692600000000001,0.36679,0.00199,0.03005,56.0,5.856,1.2322799999999998,1.05261,0.58991,0.32682,0.027360000000000002,0.03586,49.0,5.962999820709231,1.28177809715271,1.46928238868713,0.547349333763123,0.373783111572266,0.0522638224065304,0.0329628810286522,59.0,5.81,1.151,1.479,0.599,0.39899999999999997,0.065,0.025,68.0,5.648,1.183,1.452,0.726,0.33399999999999996,0.08199999999999999,0.031,5.798599964141846,59.2,1.197139619430542,1.337812477737426,0.6263038667526246,0.36007862231445326,0.04572276448130608,0.030974576205730436
65.0,Jamaica,5.709,0.81038,1.1510200000000002,0.6874100000000001,0.50442,0.2123,0.02299,73.0,5.51,0.89333,0.96372,0.5946899999999999,0.43596999999999997,0.22245,0.04294,76.0,5.31099987030029,0.925579309463501,1.3682180643081698,0.6410223841667181,0.474307239055634,0.23381833732128102,0.0552677810192108,56.0,5.89,0.8190000000000001,1.493,0.693,0.575,0.096,0.031,56.0,5.89,0.831,1.4780000000000002,0.831,0.49,0.107,0.027999999999999997,5.661999974060058,65.2,0.8558578618927001,1.2907916128616344,0.6894244768333436,0.49593944781112675,0.1743136674642562,0.03603955620384216
66.0,Northern Cyprus,5.695,1.2080600000000001,1.07008,0.92356,0.49027,0.26169000000000003,0.1428,62.0,5.771,1.31141,0.81826,0.8414200000000001,0.43596,0.26322,0.16577999999999998,61.0,5.80999994277954,1.3469113111496,1.18630337715149,0.834647238254547,0.47120362520217896,0.266845703125,0.155353352427483,58.0,5.835,1.229,1.2109999999999999,0.909,0.495,0.179,0.154,64.0,5.718,1.263,1.252,1.042,0.41700000000000004,0.191,0.162,5.765799988555909,62.2,1.27167626222992,1.1075286754302978,0.9101254476509094,0.4618867250404358,0.232351140625,0.15598667048549658
67.0,Cyprus,5.689,1.20813,0.89318,0.92356,0.40671999999999997,0.30638000000000004,0.06146,69.0,5.546,1.31857,0.70697,0.8488,0.29507,0.27906,0.05227999999999999,65.0,5.62099981307983,1.3559380769729599,1.13136327266693,0.84471470117569,0.35511153936386103,0.271254301071167,0.0412379764020443,61.0,5.7620000000000005,1.229,1.1909999999999998,0.909,0.423,0.20199999999999999,0.035,49.0,6.046,1.263,1.2229999999999999,1.042,0.406,0.19,0.040999999999999995,5.732799962615966,62.2,1.2749276153945919,1.0291026545333861,0.913614940235138,0.37718030787277224,0.24973886021423336,0.04619559528040886
68.0,Algeria,5.605,0.93929,1.07772,0.61766,0.28579,0.07822,0.17382999999999998,38.0,6.355,1.05266,0.83309,0.6180399999999999,0.21006,0.07044,0.16157,53.0,5.872000217437741,1.09186446666718,1.1462174654007,0.6175846457481379,0.233335807919502,0.0694366469979286,0.14609611034393302,84.0,5.295,0.9790000000000001,1.1540000000000001,0.687,0.077,0.055,0.135,88.0,5.211,1.002,1.16,0.785,0.086,0.073,0.114,5.667600043487548,66.2,1.012962893333436,1.07420549308014,0.6650569291496277,0.17843716158390038,0.06921932939958572,0.14609922206878662
69.0,Kosovo,5.5889999999999995,0.80148,0.81198,0.63132,0.24749000000000002,0.2831,0.04741,77.0,5.401,0.90145,0.66062,0.54,0.14396,0.27992,0.06547,78.0,5.27899980545044,0.951484382152557,1.1378535032272301,0.541452050209045,0.260287940502167,0.319931447505951,0.0574716180562973,66.0,5.662000000000001,0.855,1.23,0.578,0.44799999999999995,0.27399999999999997,0.023,46.0,6.1,0.882,1.232,0.758,0.489,0.262,0.006,5.606199961090089,67.2,0.8782828764305114,1.014490700645446,0.609754410041809,0.31774758810043335,0.28379028950119023,0.03987032361125946
70.0,Turkmenistan,5.547999999999999,0.95847,1.22668,0.53886,0.4761,0.16979,0.30844,65.0,5.6579999999999995,1.08017,1.03817,0.44006000000000006,0.37408,0.22566999999999998,0.28467,59.0,5.82200002670288,1.1307767629623402,1.49314916133881,0.437726080417633,0.41827192902565,0.24992498755454998,0.25927034020423895,68.0,5.636,1.016,1.5330000000000001,0.517,0.41700000000000004,0.19899999999999998,0.037000000000000005,87.0,5.247000000000001,1.052,1.538,0.657,0.39399999999999996,0.244,0.027999999999999997,5.582200005340576,69.8,1.047483352592468,1.365799832267762,0.5181292160835266,0.41589038580513,0.21767699751091,0.1834760680408478
71.0,Mauritius,5.477,1.0076100000000001,0.98521,0.7095,0.56066,0.37744,0.07521,66.0,5.648,1.14372,0.75695,0.66189,0.46145,0.36951,0.05202999999999999,64.0,5.62900018692017,1.1893955469131499,1.20956099033356,0.6380074620246889,0.491247326135635,0.360933750867844,0.0421815551817417,55.0,5.891,1.09,1.3869999999999998,0.684,0.584,0.245,0.05,57.0,5.888,1.12,1.402,0.7979999999999999,0.498,0.215,0.06,5.7066000373840335,62.6,1.11014510938263,1.148144198066712,0.6982794924049378,0.519071465227127,0.31357675017356884,0.05588431103634833
72.0,Hong Kong,5.474,1.38604,1.05818,1.01328,0.59608,0.39478,0.37124,75.0,5.457999999999999,1.5107,0.87021,0.9527700000000001,0.48078999999999994,0.40097,0.31647,71.0,5.47200012207031,1.55167484283447,1.26279091835022,0.943062424659729,0.490968644618988,0.374465793371201,0.29393374919891396,76.0,5.43,1.405,1.29,1.03,0.524,0.24600000000000002,0.29100000000000004,76.0,5.43,1.4380000000000002,1.2770000000000001,1.122,0.44,0.258,0.287,5.452800024414062,74.0,1.458282968566894,1.151636183670044,1.0122224849319459,0.5063677289237976,0.3348431586742402,0.3119287498397828
73.0,Estonia,5.428999999999999,1.15174,1.22791,0.77361,0.44888,0.0868,0.15184,72.0,5.517,1.2796399999999999,1.0516299999999998,0.68098,0.41511000000000003,0.08423,0.18519000000000002,66.0,5.61100006103516,1.3208793401718102,1.47667109966278,0.695168316364288,0.479131430387497,0.0988908112049103,0.18324892222881303,63.0,5.739,1.2,1.5319999999999998,0.737,0.5529999999999999,0.086,0.174,55.0,5.893,1.237,1.528,0.8740000000000001,0.495,0.10300000000000001,0.161,5.637800012207032,65.8,1.2378518680343622,1.363242219932556,0.7521516632728577,0.47822428607749934,0.09178416224098204,0.1710557844457626
74.0,Indonesia,5.399,0.8282700000000001,1.0870799999999998,0.63793,0.46611,0.51535,0.0,79.0,5.314,0.95104,0.87625,0.49373999999999996,0.39237,0.56521,0.00322,81.0,5.26200008392334,0.995538592338562,1.2744446992874099,0.49234572052955605,0.443323463201523,0.611704587936401,0.0153171354904771,96.0,5.093,0.899,1.215,0.522,0.5379999999999999,0.484,0.018000000000000002,92.0,5.192,0.9309999999999999,1.203,0.66,0.491,0.498,0.027999999999999997,5.2520000167846685,84.4,0.9209697184677124,1.131154939857482,0.5612031441059113,0.4661606926403046,0.5348529175872802,0.01290742709809542
75.0,Vietnam,5.36,0.63216,0.9122600000000001,0.7467600000000001,0.59444,0.1686,0.10440999999999999,96.0,5.061,0.74037,0.7911699999999999,0.66157,0.5595399999999999,0.25075,0.11556,94.0,5.07399988174438,0.7885475754737851,1.27749133110046,0.6521689891815191,0.571055591106415,0.23496805131435397,0.0876332372426987,95.0,5.103,0.715,1.365,0.7020000000000001,0.618,0.177,0.079,94.0,5.175,0.741,1.3459999999999999,0.851,0.5429999999999999,0.147,0.073,5.154599976348876,90.8,0.723415515094757,1.138384266220092,0.7226997978363039,0.577207118221283,0.19566361026287077,0.09192064744853974
76.0,Turkey,5.332000000000001,1.06098,0.94632,0.73172,0.22815,0.12253,0.15746,78.0,5.388999999999999,1.1649200000000002,0.8771700000000001,0.64718,0.23889000000000002,0.04707,0.12347999999999999,69.0,5.5,1.1982743740081798,1.33775317668915,0.6376056075096129,0.300740599632263,0.0466930419206619,0.0996715798974037,74.0,5.483,1.148,1.38,0.6859999999999999,0.324,0.106,0.109,79.0,5.372999999999999,1.183,1.36,0.8079999999999999,0.195,0.083,0.106,5.4154,75.2,1.151034874801636,1.18024863533783,0.7021011215019225,0.25735611992645263,0.08105860838413238,0.11912231597948073
77.0,Kyrgyzstan,5.2860000000000005,0.47428000000000003,1.15115,0.65088,0.43477,0.3003,0.042319999999999997,85.0,5.185,0.5604399999999999,0.95434,0.5544899999999999,0.40212,0.38432,0.047619999999999996,98.0,5.0040001869201705,0.5962200760841371,1.39423859119415,0.553457796573639,0.454943388700485,0.42858037352562,0.0394391790032387,92.0,5.131,0.53,1.416,0.594,0.54,0.281,0.035,86.0,5.261,0.551,1.4380000000000002,0.723,0.508,0.3,0.023,5.173400037384034,87.6,0.5423880152168274,1.27074571823883,0.6151655593147277,0.4679666777400969,0.338840074705124,0.03747583580064774
78.0,Nigeria,5.268,0.65435,0.9043200000000001,0.16007000000000002,0.34334000000000003,0.27233,0.0403,103.0,4.875,0.75216,0.64498,0.05108,0.27854,0.23219,0.0305,95.0,5.07399988174438,0.783756256103516,1.21577048301697,0.0569157302379608,0.394952565431595,0.23094719648361198,0.0261215660721064,91.0,5.155,0.6890000000000001,1.172,0.048,0.462,0.201,0.032,85.0,5.265,0.696,1.111,0.245,0.426,0.215,0.040999999999999995,5.127399976348877,90.4,0.7150532512207033,1.009614096603394,0.11221314604759217,0.380966513086319,0.2302934392967224,0.03398431321442128
79.0,Bhutan,5.252999999999999,0.77042,1.10395,0.57407,0.5320600000000001,0.47998,0.15445,84.0,5.196000000000001,0.8527,0.9083600000000001,0.49759,0.46074,0.48546000000000006,0.1616,97.0,5.01100015640259,0.885416388511658,1.3401265144348102,0.495879292488098,0.5015376806259161,0.474054545164108,0.17338038980960802,97.0,5.082,0.7959999999999999,1.335,0.527,0.541,0.364,0.171,95.0,5.082,0.813,1.321,0.604,0.457,0.37,0.16699999999999998,5.124800031280518,90.4,0.8235072777023316,1.201687302886962,0.5397078584976196,0.49846753612518324,0.43469890903282166,0.1654860779619216
80.0,Azerbaijan,5.212000000000001,1.02389,0.9379299999999999,0.64045,0.3703,0.07799,0.16065,81.0,5.291,1.12373,0.76042,0.54504,0.35327,0.0564,0.17914000000000002,85.0,5.234000205993651,1.1536017656326298,1.15240025520325,0.5407757759094239,0.39815583825111406,0.0452693402767181,0.180987507104874,87.0,5.2010000000000005,1.024,1.161,0.603,0.43,0.031,0.17600000000000002,90.0,5.207999999999999,1.043,1.147,0.769,0.35100000000000003,0.035,0.182,5.22920004119873,84.6,1.073644353126526,1.03175005104065,0.6196531551818849,0.38054516765022284,0.04913186805534362,0.1757555014209748
81.0,Pakistan,5.194,0.59543,0.41411000000000003,0.51466,0.12102,0.33671,0.10464000000000001,92.0,5.132000000000001,0.68816,0.26135,0.40306,0.14622000000000002,0.31185,0.1388,80.0,5.26900005340576,0.7268835306167599,0.6726906895637509,0.40204778313636796,0.23521526157856,0.31544601917266807,0.12434806674718901,75.0,5.472,0.652,0.81,0.424,0.33399999999999996,0.21600000000000003,0.113,67.0,5.653,0.677,0.8859999999999999,0.535,0.313,0.22,0.098,5.344000010681151,79.0,0.667894706123352,0.6088301379127502,0.45575355662727357,0.229891052315712,0.2800012038345336,0.1157576133494378
82.0,Jordan,5.192,0.9019799999999999,1.05392,0.69639,0.40660999999999997,0.11052999999999999,0.14293,80.0,5.303,0.9967299999999999,0.86216,0.60712,0.36023,0.14262,0.13297,74.0,5.33599996566772,0.9910123944282528,1.2390888929367099,0.6045900583267211,0.418421149253845,0.17217046022415197,0.11980327218771002,90.0,5.1610000000000005,0.8220000000000001,1.265,0.645,0.46799999999999997,0.13,0.134,101.0,4.906000000000001,0.8370000000000001,1.225,0.815,0.38299999999999995,0.11,0.13,5.179599993133545,85.4,0.9097444788856505,1.1290337785873419,0.6736200116653441,0.407252229850769,0.13306409204483038,0.13194065443754202
82.0,Montenegro,5.192,0.9743799999999999,0.9055700000000001,0.72521,0.1826,0.1614,0.14296,88.0,5.1610000000000005,1.07838,0.74173,0.6353300000000001,0.15111,0.17190999999999998,0.12721,83.0,5.23699998855591,1.12112903594971,1.23837649822235,0.6674646735191351,0.194989055395126,0.197911024093628,0.0881741940975189,81.0,5.347,1.0170000000000001,1.2790000000000001,0.7290000000000001,0.259,0.111,0.081,73.0,5.523,1.051,1.361,0.871,0.19699999999999998,0.142,0.08,5.291999997711182,81.4,1.0483778071899421,1.1051352996444699,0.725600934703827,0.1969398110790252,0.1568442048187256,0.10386883881950379
84.0,China,5.14,0.89012,0.94675,0.81658,0.5169699999999999,0.08185,0.02781,83.0,5.245,1.0278,0.79381,0.73561,0.44011999999999996,0.049589999999999995,0.02745,79.0,5.2729997634887695,1.08116579055786,1.16083741188049,0.741415500640869,0.47278770804405196,0.0288068410009146,0.0227942746132612,86.0,5.246,0.9890000000000001,1.1420000000000001,0.799,0.597,0.028999999999999998,0.10300000000000001,93.0,5.191,1.0290000000000001,1.125,0.893,0.521,0.057999999999999996,0.1,5.218999952697754,85.0,1.003417158111572,1.033679482376098,0.7971211001281737,0.5095755416088104,0.04944936820018292,0.056210854922652244
85.0,Zambia,5.129,0.47038,0.91612,0.29924,0.48827,0.19591,0.12468,106.0,4.795,0.61202,0.6376,0.23573000000000002,0.42662,0.17865999999999999,0.11479,116.0,4.513999938964839,0.6364067792892459,1.00318729877472,0.25783589482307395,0.461603492498398,0.249580144882202,0.0782135501503944,125.0,4.377,0.562,1.047,0.295,0.503,0.221,0.08199999999999999,138.0,4.107,0.578,1.058,0.426,0.431,0.247,0.087,4.584399987792968,114.0,0.5717613558578492,0.932381459754944,0.3027611789646148,0.46209869849967966,0.2184300289764404,0.09733671003007886
86.0,Romania,5.124,1.04345,0.8858799999999999,0.7689,0.35068,0.13748,0.006490000000000001,71.0,5.528,1.1697,0.7280300000000001,0.67602,0.36712,0.12889,0.006790000000000001,57.0,5.824999809265139,1.21768391132355,1.15009129047394,0.6851583123207089,0.457003742456436,0.133519917726517,0.0043879006989300294,52.0,5.945,1.1159999999999999,1.219,0.726,0.528,0.08800000000000001,0.001,48.0,6.07,1.162,1.232,0.825,0.462,0.083,0.005,5.698399961853028,62.8,1.14176678226471,1.043000258094788,0.7362156624641418,0.4329607484912872,0.1141779835453034,0.004733580139786007
87.0,Serbia,5.122999999999999,0.92053,1.0096399999999999,0.74836,0.20107,0.19230999999999998,0.02617,86.0,5.1770000000000005,1.03437,0.81329,0.6458,0.15718,0.20736999999999997,0.04339,73.0,5.39499998092651,1.06931757926941,1.2581897974014298,0.65078467130661,0.20871552824974102,0.22012588381767298,0.0409037806093693,78.0,5.398,0.975,1.369,0.685,0.28800000000000003,0.134,0.043,70.0,5.603,1.004,1.383,0.8540000000000001,0.282,0.13699999999999998,0.039,5.339199996185302,78.8,1.000643515853882,1.1666239594802859,0.7167889342613221,0.22739310564994822,0.17816117676353457,0.038492756121873854
88.0,Portugal,5.102,1.15991,1.13935,0.8751899999999999,0.51469,0.13719,0.01078,94.0,5.122999999999999,1.27607,0.9436700000000001,0.7936300000000001,0.44727,0.11690999999999999,0.01521,89.0,5.19500017166138,1.3151752948761002,1.36704301834106,0.795843541622162,0.498465299606323,0.0951027125120163,0.0158694516867399,77.0,5.41,1.188,1.429,0.884,0.562,0.055,0.017,66.0,5.693,1.2209999999999999,1.431,0.9990000000000001,0.508,0.047,0.025,5.304600034332276,82.8,1.23203105897522,1.2620126036682122,0.8695327083244324,0.5060850599212646,0.09024054250240325,0.01677189033734798
89.0,Latvia,5.098,1.11312,1.09562,0.72437,0.29671,0.18225999999999998,0.06332,68.0,5.56,1.2178799999999999,0.95025,0.63952,0.27996,0.17445,0.0889,54.0,5.849999904632571,1.26074862480164,1.40471494197845,0.638566970825195,0.32570791244506797,0.153074786067009,0.0738427266478539,53.0,5.933,1.148,1.454,0.6709999999999999,0.363,0.092,0.066,53.0,5.94,1.187,1.465,0.812,0.264,0.075,0.064,5.676199980926514,63.4,1.185349724960328,1.27391698839569,0.697091394165039,0.3058755824890136,0.13535695721340177,0.07121254532957079
90.0,Philippines,5.073,0.70532,1.03516,0.58114,0.62545,0.24991,0.12279000000000001,82.0,5.279,0.81217,0.87877,0.47036000000000006,0.5485399999999999,0.21674000000000002,0.11757000000000001,72.0,5.42999982833862,0.85769921541214,1.25391757488251,0.46800905466079706,0.585214674472809,0.193513423204422,0.0993318930268288,71.0,5.524,0.775,1.3119999999999998,0.513,0.643,0.12,0.105,69.0,5.631,0.807,1.2930000000000001,0.657,0.5579999999999999,0.11699999999999999,0.107,5.387399965667724,76.8,0.7914378430824279,1.154569514976502,0.5379018109321595,0.5920409348945617,0.1794326846408844,0.11033837860536574
92.0,Morocco,5.013,0.7347899999999999,0.64095,0.60954,0.41691000000000006,0.07172,0.08546000000000001,90.0,5.151,0.8405799999999999,0.38595,0.5947100000000001,0.25645999999999997,0.040530000000000004,0.08404,84.0,5.2350001335144,0.8781145811080929,0.774864435195923,0.59771066904068,0.408158332109451,0.0322099551558495,0.0877631828188896,85.0,5.254,0.779,0.797,0.669,0.46,0.026000000000000002,0.07400000000000001,89.0,5.207999999999999,0.8009999999999999,0.782,0.782,0.418,0.036000000000000004,0.076,5.172200026702879,88.0,0.8066969162216185,0.6761528870391846,0.650592133808136,0.3919056664218902,0.04129199103116991,0.08145263656377792
95.0,Albania,4.959,0.8786700000000001,0.8043399999999999,0.81325,0.35733000000000004,0.14272,0.06412999999999999,109.0,4.655,0.9553,0.50163,0.73007,0.31866,0.1684,0.05301,109.0,4.64400005340576,0.996192753314972,0.8036852478981021,0.731159746646881,0.381498634815216,0.20131294429302202,0.0398642159998417,112.0,4.586,0.9159999999999999,0.8170000000000001,0.79,0.419,0.149,0.032,107.0,4.718999999999999,0.9470000000000001,0.848,0.8740000000000001,0.38299999999999995,0.17800000000000002,0.027000000000000003,4.712600010681152,106.4,0.9386325506629944,0.7549310495796204,0.7876959493293763,0.37189772696304324,0.1678865888586044,0.043200843199968336
96.0,Bosnia and Herzegovina,4.949,0.8322299999999999,0.9191600000000001,0.79081,0.09245,0.24808000000000002,0.00227,87.0,5.162999999999999,0.9338299999999999,0.64367,0.7076600000000001,0.09511,0.29889,0.0,90.0,5.18200016021729,0.982409417629242,1.0693359375,0.705186307430267,0.204403176903725,0.328867495059967,0.0,93.0,5.129,0.915,1.078,0.758,0.28,0.21600000000000003,0.0,78.0,5.386,0.945,1.212,0.845,0.212,0.263,0.006,5.161800032043457,88.8,0.9216938835258484,0.9844331875,0.7613312614860535,0.17679263538074502,0.2709674990119934,0.0016539999999999999
98.0,Dominican Republic,4.885,0.8953700000000001,1.17202,0.66825,0.57672,0.21684,0.14234000000000002,89.0,5.155,1.02787,0.9949600000000001,0.5766899999999999,0.52259,0.21286,0.12372000000000001,86.0,5.230000019073491,1.07937383651733,1.4024167060852097,0.574873745441437,0.55258983373642,0.186967849731445,0.113945253193378,83.0,5.3020000000000005,0.982,1.4409999999999998,0.614,0.578,0.12,0.106,77.0,5.425,1.015,1.401,0.779,0.49700000000000005,0.113,0.10099999999999999,5.199400003814698,86.6,0.9999227673034661,1.282279341217042,0.6425627490882874,0.545379966747284,0.169933569946289,0.1174010506386756
100.0,Mongolia,4.874,0.82819,1.3006,0.60268,0.43626000000000004,0.3323,0.026660000000000003,101.0,4.907,0.9885299999999999,1.0898299999999999,0.55469,0.35972,0.34539000000000003,0.03285,100.0,4.95499992370605,1.0272358655929599,1.4930112361908001,0.557783484458923,0.39414396882057207,0.338464230298996,0.0329022891819477,94.0,5.125,0.914,1.517,0.575,0.395,0.253,0.032,83.0,5.285,0.948,1.531,0.667,0.317,0.235,0.038,5.02919998474121,95.6,0.941191173118592,1.3862882472381597,0.5914306968917845,0.3804247937641144,0.3008308460597992,0.03248245783638954
102.0,Greece,4.857,1.15406,0.9293299999999999,0.88213,0.07699,0.0,0.013969999999999998,99.0,5.033,1.24886,0.75473,0.80029,0.05822000000000001,0.0,0.04127,87.0,5.2270002365112305,1.28948748111725,1.23941457271576,0.8101989030838009,0.0957312509417534,0.0,0.043289776891470004,79.0,5.358,1.1540000000000001,1.202,0.879,0.131,0.0,0.044000000000000004,82.0,5.287000000000001,1.181,1.156,0.9990000000000001,0.067,0.0,0.034,5.152400047302247,89.8,1.2054814962234501,1.056294914543152,0.8741237806167602,0.08578825018835068,0.0,0.035305955378294
103.0,Lebanon,4.8389999999999995,1.0256399999999999,0.80001,0.83947,0.33916,0.21854,0.04582,93.0,5.129,1.12268,0.64184,0.76171,0.26228,0.23693000000000003,0.030610000000000002,88.0,5.22499990463257,1.07498753070831,1.1296242475509601,0.7350810766220089,0.28851598501205394,0.26445075869560203,0.037513829767704,80.0,5.358,0.965,1.179,0.785,0.503,0.214,0.136,91.0,5.197,0.987,1.224,0.815,0.21600000000000003,0.166,0.027000000000000003,5.149599980926514,91.0,1.0350615061416621,0.9948948495101921,0.7872522153244018,0.32179119700241077,0.2199841517391204,0.05538876595354081
104.0,Hungary,4.8,1.12094,1.20215,0.75905,0.32111999999999996,0.128,0.02758,91.0,5.145,1.24142,0.9316399999999999,0.67608,0.1977,0.099,0.044719999999999996,75.0,5.32399988174438,1.2860119342803997,1.34313309192657,0.6877634525299069,0.17586351931095098,0.0784016624093056,0.0366369374096394,69.0,5.62,1.171,1.401,0.732,0.259,0.061,0.022000000000000002,62.0,5.757999999999999,1.2009999999999998,1.41,0.828,0.19899999999999998,0.081,0.02,5.329399976348876,80.2,1.20407438685608,1.2575846183853139,0.7365786905059812,0.23053670386219022,0.08948033248186113,0.03018738748192788
105.0,Honduras,4.788,0.59532,0.9534799999999999,0.6951,0.40148,0.23026999999999997,0.06825,104.0,4.871,0.69429,0.7559600000000001,0.5838300000000001,0.26755,0.2044,0.06906,91.0,5.1810002326965305,0.730573117733002,1.14394497871399,0.582569479942322,0.348079860210419,0.23618887364864302,0.0733454525470734,72.0,5.504,0.62,1.205,0.622,0.45899999999999996,0.19699999999999998,0.07400000000000001,59.0,5.86,0.642,1.236,0.828,0.507,0.24600000000000002,0.078,5.240800046539306,86.2,0.6564366235466004,1.058876995742798,0.6622998959884644,0.3966219720420838,0.2227717747297286,0.07253109050941468
106.0,Tajikistan,4.7860000000000005,0.39047,0.8556299999999999,0.5737899999999999,0.47216,0.22974,0.15072,100.0,4.996,0.48835,0.75602,0.5311899999999999,0.43408,0.25998000000000004,0.13509000000000002,96.0,5.04099988937378,0.524713635444641,1.27146327495575,0.5292351245880129,0.47156670689582797,0.24899764358997303,0.14637714624404902,88.0,5.199,0.474,1.166,0.598,0.292,0.187,0.034,74.0,5.4670000000000005,0.493,1.0979999999999999,0.718,0.389,0.23,0.14400000000000002,5.097799977874756,92.8,0.4741067270889282,1.02942265499115,0.5900430249176025,0.41176134137916554,0.2311435287179946,0.12203742924880981
107.0,Tunisia,4.739,0.88113,0.60429,0.73793,0.26268,0.06431,0.06358,98.0,5.045,0.97724,0.43165,0.59577,0.23553000000000002,0.03936,0.0817,102.0,4.80499982833862,1.00726580619812,0.8683514595031742,0.613212049007416,0.289680689573288,0.0496933571994305,0.0867231488227844,111.0,4.592,0.9,0.9059999999999999,0.69,0.271,0.04,0.063,124.0,4.461,0.9209999999999999,1.0,0.815,0.16699999999999998,0.059000000000000004,0.055,4.728399965667724,108.4,0.9373271612396239,0.7620582919006349,0.6903824098014831,0.24517813791465765,0.05047267143988611,0.07000062976455687
108.0,Palestinian Territories,4.715,0.59867,0.92558,0.66015,0.24499,0.11250999999999999,0.12905,108.0,4.754,0.67024,0.71629,0.56844,0.17744000000000001,0.11154000000000001,0.10613,103.0,4.77500009536743,0.716249227523804,1.1556471586227401,0.565666973590851,0.25471106171608,0.114173173904419,0.0892826020717621,104.0,4.743,0.642,1.217,0.602,0.266,0.086,0.076,110.0,4.696000000000001,0.657,1.247,0.672,0.225,0.10300000000000001,0.066,4.736600019073486,106.6,0.6568318455047608,1.0523034317245479,0.6136513947181703,0.233628212343216,0.1054446347808838,0.09329252041435242
109.0,Bangladesh,4.694,0.39753,0.43106000000000005,0.60164,0.4082,0.21222,0.12569,110.0,4.643,0.54177,0.24749000000000002,0.52989,0.39778,0.19132000000000002,0.12583,110.0,4.60799980163574,0.586682975292206,0.735131740570068,0.533241033554077,0.478356659412384,0.17225535213947304,0.123717859387398,115.0,4.5,0.532,0.85,0.579,0.58,0.153,0.14400000000000002,125.0,4.456,0.562,0.9279999999999999,0.723,0.527,0.166,0.14300000000000002,4.580199960327148,113.8,0.5239965950584413,0.6383363481140136,0.5933542067108153,0.47826733188247683,0.17895907042789463,0.1324475718774796
110.0,Iran,4.686,1.0088,0.54447,0.69805,0.30033000000000004,0.38086,0.058629999999999995,105.0,4.813,1.11758,0.38856999999999997,0.64232,0.22544,0.38538,0.0557,108.0,4.69199991226196,1.15687310695648,0.7115512490272521,0.639333188533783,0.24932260811328896,0.387242913246155,0.048761073499918005,106.0,4.707,1.0590000000000002,0.7709999999999999,0.691,0.45899999999999996,0.282,0.129,117.0,4.548,1.1,0.8420000000000001,0.785,0.305,0.27,0.125,4.689199982452392,109.2,1.0884506213912961,0.6515182498054505,0.6911406377067566,0.30781852162265777,0.34109658264923104,0.0834182146999836
111.0,Ukraine,4.681,0.79907,1.20278,0.6739,0.25123,0.15275,0.02961,123.0,4.324,0.87287,1.01413,0.58628,0.12859,0.20363,0.01829,132.0,4.09600019454956,0.89465194940567,1.39453756809235,0.575903952121735,0.12297477573156401,0.270061463117599,0.0230294708162546,138.0,4.103,0.7929999999999999,1.413,0.609,0.163,0.187,0.011000000000000001,133.0,4.332,0.82,1.39,0.7390000000000001,0.17800000000000002,0.187,0.01,4.307200038909912,127.4,0.835918389881134,1.28288951361847,0.6368167904243471,0.16875895514631284,0.20008829262351982,0.01838589416325092
112.0,Iraq,4.677,0.98549,0.81889,0.60237,0.0,0.17922000000000002,0.13788,112.0,4.575,1.07474,0.59205,0.51076,0.24856,0.19589,0.13635999999999998,117.0,4.49700021743774,1.1027104854583702,0.978613197803497,0.501180469989777,0.288555532693863,0.19963726401329,0.10721575468778599,117.0,4.456,1.01,0.971,0.536,0.304,0.14800000000000002,0.095,126.0,4.437,1.043,0.98,0.574,0.24100000000000002,0.14800000000000002,0.08900000000000001,4.528400043487548,116.8,1.043188097091674,0.8681106395606994,0.5448620939979554,0.21642310653877264,0.174149452802658,0.1130911509375572
113.0,South Africa,4.6419999999999995,0.9204899999999999,1.18468,0.27688,0.33207,0.11972999999999999,0.08884,116.0,4.459,1.02416,0.9605299999999999,0.18611,0.42483000000000004,0.13656,0.08415,101.0,4.8289999961853,1.05469870567322,1.38478863239288,0.18708007037639604,0.479246735572815,0.13936237990856198,0.0725094974040985,105.0,4.724,0.94,1.41,0.33,0.516,0.10300000000000001,0.055999999999999994,106.0,4.7219999999999995,0.96,1.351,0.469,0.389,0.13,0.055,4.67519999923706,108.2,0.9798697411346439,1.2581997264785758,0.28981401407527924,0.428229347114563,0.1257304759817124,0.07129989948081969
114.0,Ghana,4.633,0.5455800000000001,0.6795399999999999,0.40131999999999995,0.42341999999999996,0.23087,0.04355,124.0,4.276,0.63107,0.49353,0.29681,0.40973000000000004,0.21203000000000002,0.0326,131.0,4.11999988555908,0.667224824428558,0.873664736747742,0.29563772678375205,0.423026293516159,0.25692394375801103,0.0253363698720932,108.0,4.657,0.5920000000000001,0.8959999999999999,0.337,0.499,0.212,0.028999999999999998,98.0,4.996,0.611,0.868,0.486,0.381,0.245,0.04,4.536399977111816,115.0,0.6093749648857116,0.7621469473495484,0.36335354535675035,0.42723525870323176,0.2313647887516022,0.03409727397441864
115.0,Zimbabwe,4.61,0.271,1.0327600000000001,0.33475,0.25861,0.18987,0.08079,131.0,4.1930000000000005,0.35041,0.71478,0.1595,0.25429,0.18503,0.08582000000000001,138.0,3.875,0.37584653496742204,1.08309590816498,0.19676375389099102,0.336384207010269,0.189143493771553,0.0953753814101219,144.0,3.6919999999999997,0.35700000000000004,1.094,0.248,0.406,0.132,0.099,146.0,3.6630000000000003,0.366,1.114,0.433,0.361,0.151,0.08900000000000001,4.006600000000001,134.8,0.3440513069934844,1.007727181632996,0.2744027507781982,0.3232568414020538,0.1694086987543106,0.08999707628202439
116.0,Liberia,4.571000000000001,0.0712,0.78968,0.34201,0.28531,0.24361999999999998,0.06232000000000001,150.0,3.622,0.10705999999999999,0.50353,0.23165,0.25748000000000004,0.24063,0.04852,148.0,3.5329999923706095,0.11904179304838199,0.8721179366111759,0.229918196797371,0.33288118243217496,0.26654988527298,0.0389482490718365,149.0,3.495,0.076,0.858,0.267,0.419,0.20600000000000002,0.03,141.0,3.975,0.073,0.922,0.44299999999999995,0.37,0.233,0.033,3.8391999984741227,140.8,0.08926035860967639,0.7890655873222353,0.3027156393594742,0.332934236486435,0.237959977054596,0.042557649814367306
117.0,India,4.565,0.64499,0.38174,0.5152899999999999,0.39786,0.26475,0.08492000000000001,118.0,4.404,0.74036,0.29247,0.45091000000000003,0.40285,0.25028,0.08722,122.0,4.31500005722046,0.7922212481498722,0.754372596740723,0.455427616834641,0.469987004995346,0.23153848946094502,0.0922268852591515,133.0,4.19,0.721,0.747,0.485,0.539,0.172,0.09300000000000001,140.0,4.015,0.755,0.765,0.588,0.498,0.2,0.085,4.297800011444092,126.0,0.7307142496299744,0.5881165193481446,0.4989255233669282,0.4615394009990693,0.22371369789218898,0.08847337705183031
119.0,Haiti,4.518,0.26673,0.74302,0.38847,0.24425,0.46187,0.17175,136.0,4.0280000000000005,0.34097,0.29561,0.27494,0.12072000000000001,0.47958,0.14476,145.0,3.6029999256133998,0.368610262870789,0.640449821949005,0.277321130037308,0.0303698573261499,0.48920378088951094,0.0998721495270729,148.0,3.582,0.315,0.7140000000000001,0.289,0.025,0.392,0.10400000000000001,147.0,3.597,0.32299999999999995,0.688,0.449,0.026000000000000002,0.419,0.11,3.8655999851226803,139.0,0.3228620525741578,0.616215964389801,0.3357462260074616,0.08926797146523,0.44833075617790225,0.1260764299054146
120.0,Congo (Kinshasa),4.5169999999999995,0.0,1.0012,0.09806000000000001,0.22605,0.24834,0.07625,125.0,4.272,0.05661,0.80676,0.188,0.15602,0.25458000000000003,0.06075,126.0,4.2800002098083505,0.0921023488044739,1.22902345657349,0.191407024860382,0.235961347818375,0.246455833315849,0.0602413564920425,132.0,4.245,0.069,1.136,0.204,0.312,0.19699999999999998,0.052000000000000005,127.0,4.418,0.094,1.125,0.35700000000000004,0.26899999999999996,0.212,0.053,4.346400041961671,126.0,0.06234246976089478,1.0595966913146981,0.2076934049720764,0.23980626956367498,0.23167516666316978,0.0604482712984085
121.0,Nepal,4.513999999999999,0.35996999999999996,0.86449,0.5687399999999999,0.38282,0.32295999999999997,0.059070000000000004,107.0,4.793,0.44626000000000005,0.69699,0.50073,0.37012,0.3816,0.07007999999999999,99.0,4.961999893188481,0.479820191860199,1.17928326129913,0.504130780696869,0.44030594825744607,0.39409616589546204,0.0729755461215973,101.0,4.88,0.425,1.228,0.539,0.526,0.302,0.078,100.0,4.913,0.446,1.226,0.677,0.439,0.285,0.08900000000000001,4.812399978637695,105.6,0.43141003837203984,1.038952652259826,0.5579201561393738,0.4316491896514892,0.3371312331790924,0.07382510922431947
122.0,Ethiopia,4.512,0.19072999999999998,0.60406,0.44055,0.4345,0.24325,0.15048,115.0,4.508,0.29283000000000003,0.37932,0.34578000000000003,0.36703,0.29522,0.1717,119.0,4.46000003814697,0.339233845472336,0.8646692037582401,0.35340970754623396,0.408842742443085,0.31265074014663696,0.16545571386814098,127.0,4.35,0.308,0.95,0.391,0.452,0.22,0.146,134.0,4.2860000000000005,0.336,1.033,0.532,0.344,0.209,0.1,4.4232000076293945,123.4,0.29335876909446723,0.766209840751648,0.41254794150924673,0.401274548488617,0.2560241480293274,0.1467271427736282
123.0,Sierra Leone,4.507,0.33024000000000003,0.9557100000000001,0.0,0.4084,0.21488000000000002,0.08786000000000001,111.0,4.635,0.36485,0.628,0.0,0.30685,0.23897,0.08196,106.0,4.70900011062622,0.36842092871666,0.984136044979095,0.005564753897488121,0.318697690963745,0.293040901422501,0.0710951760411263,113.0,4.571000000000001,0.256,0.813,0.0,0.355,0.23800000000000002,0.053,129.0,4.374,0.268,0.841,0.242,0.309,0.252,0.045,4.5592000221252444,116.4,0.317502185743332,0.844369208995819,0.04951295077949762,0.33958953819274895,0.24737818028450018,0.06778303520822526
124.0,Mauritania,4.436,0.45407,0.86908,0.35874,0.24231999999999998,0.21899999999999997,0.17461,130.0,4.2010000000000005,0.6139100000000001,0.8414200000000001,0.28639000000000003,0.1268,0.22685999999999998,0.17955,123.0,4.29199981689453,0.6484572887420649,1.2720308303833001,0.285349279642105,0.0960980430245399,0.201870024204254,0.136957004666328,126.0,4.356,0.557,1.245,0.292,0.129,0.134,0.09300000000000001,122.0,4.49,0.57,1.167,0.489,0.066,0.106,0.08800000000000001,4.354999963378907,125.0,0.5686874577484129,1.0789061660766601,0.34229585592842093,0.132043608604908,0.17754600484085079,0.1344234009332656
125.0,Kenya,4.419,0.36471,0.99876,0.41435,0.42215,0.37542,0.05839,122.0,4.356,0.52267,0.7624,0.30146999999999996,0.40576,0.41328000000000004,0.06686,112.0,4.55299997329712,0.560479462146759,1.0679507255554201,0.30998834967613204,0.45276376605033897,0.444860309362411,0.0646413192152977,124.0,4.41,0.493,1.048,0.45399999999999996,0.504,0.35200000000000004,0.055,121.0,4.5089999999999995,0.512,0.983,0.581,0.431,0.37200000000000005,0.053,4.449399994659424,120.8,0.49057189242935173,0.972022145111084,0.41216166993522635,0.4431347532100678,0.3915120618724822,0.059578263843059545
127.0,Armenia,4.35,0.7682100000000001,0.7771100000000001,0.7299,0.19847,0.07855,0.039,121.0,4.36,0.8608600000000001,0.6247699999999999,0.64083,0.14037,0.07793,0.036160000000000005,121.0,4.37599992752075,0.900596737861633,1.00748372077942,0.637524425983429,0.198303267359734,0.0834880918264389,0.0266744215041399,129.0,4.321000000000001,0.816,0.99,0.6659999999999999,0.26,0.077,0.027999999999999997,116.0,4.559,0.85,1.055,0.815,0.28300000000000003,0.095,0.064,4.39319998550415,122.8,0.8391333475723265,0.890872744155884,0.6978508851966858,0.2160286534719468,0.08239361836528777,0.03876688430082798
128.0,Botswana,4.332,0.99355,1.10464,0.047760000000000004,0.49495,0.10461,0.12474,137.0,3.9739999999999998,1.09426,0.89186,0.34752,0.44088999999999995,0.12425,0.10769000000000001,142.0,3.7660000324249303,1.12209415435791,1.2215549945831299,0.34175550937652605,0.505196332931519,0.0993484482169151,0.0985831990838051,146.0,3.59,1.0170000000000001,1.1740000000000002,0.41700000000000004,0.557,0.042,0.092,148.0,3.488,1.041,1.145,0.5379999999999999,0.455,0.025,0.1,3.830000006484986,140.2,1.0535808308715822,1.107410998916626,0.3384071018753052,0.4906072665863038,0.07904168964338301,0.10460263981676102
129.0,Myanmar,4.3069999999999995,0.27108000000000004,0.70905,0.48246000000000006,0.44017,0.79588,0.19034,119.0,4.395,0.34112,0.69981,0.3988,0.42691999999999997,0.81971,0.20243,114.0,4.54500007629395,0.36711055040359497,1.12323594093323,0.397522568702698,0.514492034912109,0.8380751609802249,0.188816204667091,130.0,4.308,0.682,1.1740000000000002,0.429,0.58,0.598,0.17800000000000002,131.0,4.36,0.71,1.181,0.555,0.525,0.5660000000000001,0.172,4.383000015258789,124.6,0.474262110080719,0.9774191881866461,0.45255651374053957,0.4973164069824218,0.723533032196045,0.18631724093341823
130.0,Georgia,4.297,0.7419,0.38561999999999996,0.72926,0.40576999999999996,0.055470000000000005,0.38331,126.0,4.252,0.8379200000000001,0.19249000000000002,0.64035,0.32461,0.06786,0.3188,125.0,4.28599977493286,0.950612664222717,0.57061493396759,0.649546980857849,0.309410035610199,0.0540088154375553,0.25166663527488703,128.0,4.34,0.853,0.5920000000000001,0.643,0.375,0.038,0.215,119.0,4.519,0.8859999999999999,0.6659999999999999,0.752,0.34600000000000003,0.043,0.16399999999999998,4.338799954986572,125.6,0.8538865328445434,0.481344986793518,0.6828313961715697,0.3521580071220398,0.051667763087511066,0.2665553270549774
131.0,Malawi,4.292,0.016040000000000002,0.41134,0.22562,0.43054,0.33128,0.06977,132.0,4.156000000000001,0.08709,0.147,0.29364,0.4143,0.30968,0.07564,136.0,3.97000002861023,0.233442038297653,0.5125688314437871,0.315089583396912,0.466914653778076,0.28717046976089505,0.0727116540074348,147.0,3.5869999999999997,0.18600000000000003,0.541,0.306,0.531,0.21,0.08,150.0,3.41,0.191,0.56,0.495,0.44299999999999995,0.218,0.08900000000000001,3.883000005722046,139.2,0.14271440765953064,0.43438176628875735,0.32706991667938246,0.4571509307556152,0.271226093952179,0.07742433080148696
132.0,Sri Lanka,4.271,0.83524,1.01905,0.70806,0.5372600000000001,0.40828000000000003,0.09179,117.0,4.415,0.9731799999999999,0.84783,0.62007,0.50817,0.46978000000000003,0.07964,120.0,4.44000005722046,1.00985014438629,1.25997638702393,0.625130832195282,0.561213254928589,0.49086356163024897,0.0736539661884308,116.0,4.471,0.9179999999999999,1.314,0.672,0.585,0.307,0.05,130.0,4.3660000000000005,0.9490000000000001,1.265,0.831,0.47,0.244,0.047,4.392600011444092,123.0,0.937054028877258,1.141171277404786,0.6912521664390564,0.5323286509857178,0.3839847123260498,0.06841679323768615
133.0,Cameroon,4.252,0.4225,0.8876700000000001,0.23401999999999998,0.49309,0.20618000000000003,0.05786,114.0,4.513,0.5249699999999999,0.62542,0.12697999999999998,0.42736,0.2268,0.06126,107.0,4.69500017166138,0.564305365085602,0.946018218994141,0.132892116904259,0.430388748645782,0.23629845678806302,0.0513066314160824,99.0,4.975,0.535,0.8909999999999999,0.182,0.45399999999999996,0.183,0.043,96.0,5.044,0.5489999999999999,0.91,0.331,0.381,0.187,0.037000000000000005,4.695800034332276,109.8,0.5191550730171204,0.8520216437988282,0.20137842338085182,0.43716774972915645,0.20785569135761262,0.05008532628321649
134.0,Bulgaria,4.218,1.01216,1.10614,0.76649,0.30587,0.11921,0.00872,129.0,4.217,1.11306,0.92542,0.67806,0.21219000000000002,0.12793,0.00615,105.0,4.71400022506714,1.1614590883255,1.4343794584274299,0.708217680454254,0.28923171758651695,0.113177694380283,0.0110515309497714,100.0,4.933,1.054,1.515,0.7120000000000001,0.359,0.064,0.009000000000000001,97.0,5.011,1.092,1.5130000000000001,0.815,0.311,0.081,0.004,4.6186000450134275,113.0,1.0865358176651,1.2987878916854858,0.7359535360908509,0.2954583435173034,0.1010635388760566,0.007784306189954282
135.0,Egypt,4.194,0.8818,0.747,0.61712,0.17288,0.11291,0.06324,120.0,4.362,0.95395,0.49813,0.5211600000000001,0.18847,0.12705999999999998,0.10393,104.0,4.7350001335144,0.989701807498932,0.997471392154694,0.520187258720398,0.28211015462875394,0.128631442785263,0.114381365478039,122.0,4.419,0.885,1.025,0.5529999999999999,0.312,0.092,0.107,137.0,4.166,0.9129999999999999,1.0390000000000001,0.644,0.24100000000000002,0.076,0.067,4.37520002670288,123.6,0.9246903614997863,0.8613202784309388,0.5710934517440795,0.23929203092575083,0.10732028855705258,0.09111027309560779
136.0,Yemen,4.077,0.5464899999999999,0.68093,0.40064,0.35570999999999997,0.09131,0.07854,147.0,3.7239999999999998,0.57939,0.47493,0.31048000000000003,0.2287,0.09821,0.05892000000000001,146.0,3.59299993515015,0.5916834473609921,0.93538224697113,0.310080915689468,0.24946372210979503,0.104125209152699,0.0567674227058887,152.0,3.355,0.442,1.073,0.34299999999999997,0.244,0.083,0.064,151.0,3.38,0.287,1.163,0.46299999999999997,0.14300000000000002,0.10800000000000001,0.077,3.6257999870300304,146.4,0.4893126894721984,0.8654484493942259,0.36544018313789356,0.244174744421959,0.09692904183053981,0.06704548454117774
138.0,Mali,3.995,0.26074,1.03526,0.20583,0.38856999999999997,0.18798,0.12352,135.0,4.073,0.31292,0.8633299999999999,0.16347,0.27544,0.21064000000000002,0.13647,127.0,4.19000005722046,0.476180493831635,1.2814733982086202,0.16936567425727803,0.306613743305206,0.183354198932648,0.10497024655342098,118.0,4.447,0.37,1.2329999999999999,0.152,0.36700000000000005,0.139,0.055999999999999994,128.0,4.39,0.385,1.105,0.308,0.327,0.153,0.052000000000000005,4.219000011444092,129.2,0.36096809876632696,1.1036126796417238,0.19973313485145563,0.3329247486610412,0.1747948397865296,0.09459204931068418
139.0,Congo (Brazzaville),3.989,0.67866,0.6629,0.31051,0.41466000000000003,0.12387999999999999,0.11685999999999999,127.0,4.236000000000001,0.7710899999999999,0.47798999999999997,0.28212,0.37938,0.12077,0.09752999999999999,124.0,4.29099988937378,0.8089642524719242,0.8320443630218509,0.28995743393898,0.4350258708000179,0.12085212767124198,0.0796181336045265,114.0,4.559,0.682,0.8109999999999999,0.34299999999999997,0.514,0.091,0.077,103.0,4.812,0.6729999999999999,0.799,0.508,0.37200000000000005,0.105,0.09300000000000001,4.377399977874757,121.4,0.7227428504943848,0.7165868726043702,0.34671748678779596,0.42301317416000356,0.11230042553424839,0.0928016267209053
141.0,Uganda,3.931,0.21101999999999999,1.13299,0.33860999999999997,0.45726999999999995,0.29066,0.07267,145.0,3.739,0.34719,0.90981,0.19625,0.43653000000000003,0.27102,0.06442,133.0,4.08099985122681,0.381430715322495,1.12982773780823,0.21763260662555703,0.443185955286026,0.32576605677604703,0.057069718837738,135.0,4.1610000000000005,0.322,1.09,0.237,0.45,0.259,0.061,136.0,4.189,0.332,1.069,0.44299999999999995,0.35600000000000004,0.252,0.06,4.020199970245362,138.0,0.31872814306449904,1.066325547561646,0.2864985213251114,0.4285971910572052,0.2796892113552094,0.0630319437675476
142.0,Senegal,3.904,0.36498,0.97619,0.4354,0.36772,0.20843000000000003,0.10712999999999999,128.0,4.218999999999999,0.44314,0.7741600000000001,0.40457,0.31056,0.19103,0.11681,115.0,4.53499984741211,0.479309022426605,1.17969191074371,0.409362852573395,0.37792226672172496,0.183468893170357,0.11546044796705199,109.0,4.631,0.429,1.117,0.433,0.406,0.138,0.08199999999999999,111.0,4.681,0.45,1.1340000000000001,0.5710000000000001,0.292,0.153,0.07200000000000001,4.393999969482422,121.0,0.433285804485321,1.036208382148742,0.45066657051467895,0.35084045334434505,0.1747857786340714,0.09868008959341038
143.0,Gabon,3.8960000000000004,1.06024,0.90528,0.43372,0.31914000000000003,0.06822,0.11091,134.0,4.121,1.15851,0.72368,0.3494,0.28098,0.062439999999999996,0.09314,118.0,4.46500015258789,1.1982102394104,1.1556202173233001,0.35657858848571794,0.31232857704162603,0.0437853783369064,0.0760467872023582,103.0,4.758,1.036,1.1640000000000001,0.40399999999999997,0.35600000000000004,0.032,0.052000000000000005,104.0,4.7989999999999995,1.057,1.183,0.5710000000000001,0.295,0.043,0.055,4.407800030517578,120.4,1.1019920478820802,1.02631604346466,0.4229397176971436,0.3126897154083252,0.04988907566738128,0.07741935744047164
144.0,Niger,3.845,0.0694,0.77265,0.29707,0.47691999999999996,0.19387000000000001,0.15639,142.0,3.8560000000000003,0.1327,0.6053,0.26161999999999996,0.38040999999999997,0.2097,0.17176,135.0,4.02799987792969,0.16192533075809498,0.993025004863739,0.26850500702858,0.36365869641304,0.22867384552955602,0.13857294619083402,134.0,4.166,0.131,0.867,0.221,0.39,0.175,0.099,114.0,4.628,0.138,0.774,0.366,0.318,0.188,0.102,4.104599975585939,133.8,0.12660506615161898,0.8023950009727479,0.28283900140571594,0.385797739282608,0.1990487691059112,0.13354458923816678
145.0,Cambodia,3.819,0.46038,0.62736,0.61114,0.66246,0.40359,0.07247,140.0,3.907,0.55604,0.5375,0.42494,0.5885199999999999,0.40339,0.08092,129.0,4.1680002212524405,0.6017650961875921,1.00623834133148,0.429783403873444,0.633375823497772,0.385922968387604,0.0681059509515762,120.0,4.433,0.5489999999999999,1.088,0.457,0.696,0.256,0.065,109.0,4.7,0.574,1.122,0.637,0.609,0.23199999999999998,0.062,4.205400044250488,128.6,0.5482370192375183,0.876219668266296,0.5119726807746888,0.6378711646995544,0.3361805936775208,0.06969919019031524
146.0,Tanzania,3.781,0.2852,1.00268,0.38215,0.32878,0.34376999999999996,0.05747000000000001,149.0,3.6660000000000004,0.47155,0.77623,0.35700000000000004,0.3176,0.31472,0.05099,153.0,3.34899997711182,0.511135876178741,1.04198980331421,0.364509284496307,0.390017777681351,0.354256361722946,0.0660351067781448,153.0,3.303,0.455,0.991,0.381,0.48100000000000004,0.27,0.09699999999999999,153.0,3.2310000000000003,0.47600000000000003,0.885,0.499,0.41700000000000004,0.276,0.147,3.465999995422364,150.8,0.4397771752357483,0.939379960662842,0.3967318568992614,0.3868795555362702,0.3117492723445892,0.08369902135562894
147.0,Madagascar,3.681,0.20824,0.66801,0.46721,0.19184,0.21333000000000002,0.08123999999999999,148.0,3.695,0.27954,0.46115,0.37109000000000003,0.13684000000000002,0.2204,0.07506,144.0,3.64400005340576,0.305808693170547,0.9130203723907471,0.375223308801651,0.18919676542282102,0.208732530474663,0.0672319754958153,143.0,3.7739999999999996,0.262,0.9079999999999999,0.402,0.221,0.155,0.049,143.0,3.9330000000000003,0.27399999999999997,0.9159999999999999,0.555,0.14800000000000002,0.16899999999999998,0.040999999999999995,3.745400010681152,145.0,0.2659177386341094,0.7732360744781493,0.43410466176033025,0.1773753530845642,0.1932925060949326,0.06270639509916306
149.0,Chad,3.667,0.34193,0.76062,0.1501,0.23501,0.18386,0.05269,144.0,3.763,0.42213999999999996,0.63178,0.038239999999999996,0.12807000000000002,0.18667,0.04952,137.0,3.9360001087188703,0.43801298737525896,0.953855872154236,0.0411347150802612,0.16234202682972002,0.21611385047435802,0.0535818822681904,131.0,4.301,0.358,0.907,0.053,0.18899999999999997,0.18100000000000002,0.06,132.0,4.35,0.35,0.7659999999999999,0.192,0.174,0.198,0.078,4.003400021743774,138.6,0.3820165974750518,0.8038511744308471,0.09489494301605225,0.17768440536594401,0.19312877009487162,0.058758376453638086
150.0,Guinea,3.656,0.17417,0.46475,0.24009,0.37725,0.28657,0.12139000000000001,151.0,3.6069999999999998,0.22415,0.3109,0.18829,0.30953,0.29914,0.1192,149.0,3.50699996948242,0.24454993009567302,0.7912446856498722,0.194129139184952,0.348587512969971,0.264815092086792,0.110937617719173,140.0,3.964,0.344,0.792,0.21100000000000002,0.39399999999999996,0.185,0.094,118.0,4.534,0.38,0.8290000000000001,0.375,0.332,0.207,0.086,3.853599993896484,141.6,0.2733739860191346,0.6375789371299745,0.2417018278369904,0.35227350259399415,0.24850501841735842,0.1063055235438346
151.0,Ivory Coast,3.655,0.46534,0.77115,0.15185,0.46866,0.20165,0.17922000000000002,139.0,3.9160000000000004,0.55507,0.57576,0.04476,0.40663,0.20338,0.1553,128.0,4.17999982833862,0.6030489206314089,0.904780030250549,0.0486421696841717,0.4477061927318571,0.201237469911575,0.130061775445938,107.0,4.671,0.541,0.872,0.08,0.467,0.146,0.10300000000000001,99.0,4.944,0.569,0.8079999999999999,0.23199999999999998,0.35200000000000004,0.154,0.09,4.2731999656677235,124.8,0.5466917841262818,0.7863380060501097,0.11145043393683433,0.4283992385463714,0.181253493982315,0.1315163550891876
152.0,Burkina Faso,3.5869999999999997,0.25811999999999996,0.85188,0.27125,0.39493,0.21746999999999997,0.12832000000000002,145.0,3.739,0.31995,0.63054,0.21297,0.3337,0.24353000000000002,0.12533,134.0,4.03200006484985,0.35022771358490007,1.04328000545502,0.21584425866603896,0.32436785101890603,0.250864684581757,0.12032810598611803,121.0,4.4239999999999995,0.314,1.097,0.254,0.312,0.175,0.128,115.0,4.587,0.331,1.056,0.38,0.255,0.177,0.113,4.07380001296997,133.4,0.31465954271698,0.9357400010910041,0.2668128517332078,0.32399957020378123,0.2127729369163514,0.12299562119722363
153.0,Afghanistan,3.575,0.31982,0.30285,0.30335,0.23414000000000001,0.3651,0.09719,154.0,3.36,0.38227,0.11037000000000001,0.17344,0.1643,0.31268,0.07112,141.0,3.7939999103546103,0.401477217674255,0.581543326377869,0.18074677884578697,0.106179520487785,0.311870932579041,0.0611578300595284,145.0,3.6319999999999997,0.332,0.537,0.255,0.085,0.191,0.036000000000000004,154.0,3.2030000000000003,0.35,0.517,0.361,0.0,0.158,0.025,3.512799982070922,149.4,0.35711344353485097,0.40975266527557375,0.2547073557691574,0.117923904097557,0.2677301865158082,0.0580935660119057
154.0,Rwanda,3.465,0.22208000000000003,0.7737,0.42863999999999997,0.59201,0.22628,0.55191,152.0,3.515,0.32846,0.6158600000000001,0.31865,0.5432,0.23551999999999998,0.50521,151.0,3.47099995613098,0.368745893239975,0.945707023143768,0.326424807310104,0.5818438529968261,0.25275602936744695,0.455220013856888,151.0,3.408,0.332,0.8959999999999999,0.4,0.636,0.2,0.444,152.0,3.3339999999999996,0.359,0.711,0.614,0.555,0.217,0.41100000000000003,3.4385999912261958,152.0,0.322057178647995,0.7884534046287536,0.41754296146202075,0.5816107705993653,0.22631120587348938,0.4734680027713776
155.0,Benin,3.34,0.28665,0.35386,0.3191,0.4845,0.1826,0.0801,153.0,3.484,0.39499,0.10419,0.21028000000000002,0.39747,0.2018,0.06681000000000001,143.0,3.65700006484985,0.43108540773391707,0.43529984354972795,0.20993021130561804,0.42596277594566295,0.207948461174965,0.0609290152788162,136.0,4.141,0.37799999999999995,0.37200000000000005,0.24,0.44,0.163,0.067,102.0,4.883,0.39299999999999996,0.43700000000000006,0.397,0.349,0.175,0.08199999999999999,3.90100001296997,137.8,0.3767450815467834,0.3404699687099456,0.2752620422611236,0.4193865551891326,0.186069692234993,0.07136780305576325
156.0,Syria,3.0060000000000002,0.6632,0.47489,0.7219300000000001,0.15684,0.47179,0.18905999999999998,156.0,3.069,0.7471899999999999,0.14866,0.6299399999999999,0.06912,0.48396999999999996,0.17232999999999998,152.0,3.46199989318848,0.777153134346008,0.396102607250214,0.5005333423614501,0.0815394446253777,0.49366372823715204,0.15134713053703303,150.0,3.4619999999999997,0.6890000000000001,0.382,0.539,0.08800000000000001,0.376,0.14400000000000002,149.0,3.4619999999999997,0.619,0.37799999999999995,0.44,0.013000000000000001,0.331,0.141,3.292199978637696,152.6,0.6991086268692015,0.3559305214500428,0.5662806684722901,0.08169988892507554,0.4312847456474304,0.1595474261074066
157.0,Burundi,2.905,0.0153,0.41586999999999996,0.22396,0.1185,0.19727,0.10062,157.0,2.905,0.06831,0.23442,0.15747,0.0432,0.2029,0.09419,154.0,2.90499997138977,0.09162256866693501,0.629793584346771,0.151610791683197,0.0599007532000542,0.20443518459796897,0.0841479450464249,156.0,2.905,0.091,0.627,0.145,0.065,0.149,0.076,145.0,3.775,0.046,0.447,0.38,0.22,0.17600000000000002,0.18,3.078999994277954,153.8,0.062446513733387,0.4708167168693541,0.21160815833663937,0.10132015064001083,0.1859210369195938,0.10699158900928499
158.0,Togo,2.839,0.20868,0.13995,0.28443,0.36453,0.16680999999999999,0.10730999999999999,155.0,3.303,0.28123000000000004,0.0,0.24811,0.34678000000000003,0.17517,0.11587,150.0,3.4949998855590803,0.30544471740722695,0.4318825304508211,0.247105568647385,0.38042613863945,0.19689615070819896,0.0956650152802467,139.0,3.9989999999999997,0.259,0.474,0.253,0.434,0.158,0.10099999999999999,139.0,4.085,0.275,0.5720000000000001,0.41,0.293,0.177,0.085,3.5441999771118162,148.2,0.26587094348144535,0.3235665060901642,0.288529113729477,0.36374722772789003,0.1747752301416398,0.10096900305604932
